Query|Route|Time|Time_KNN|Heap_fetches|Heap_max_size
210124 [6, 6, 4, 3, 3] []|Found route: [POIs: (4438, 194897, gas_station, 2.2547280296343732), (4438, 194897, gas_station, 0.0), (3304, 204958, pharmacy, 3.317187241966814), (2681, 204019, movie_theater, 0.7669309484348467), (2681, 204019, movie_theater, 0.0), Length: 6.338846220036033, Heuristic: 0.0, Cat unordered: [], Counter: 0]|Time: 174597 ms|Time for KNN: 486003407 ms|Heap fetches: 8132|Max heap size: 6308
241362 [0, 2, 2, 1, 3] []|Found route: [POIs: (2295, 241941, atm_bank, 2.902352026324514), (2295, 241941, atm_bank, 0.0), (349, 241753, restaurant, 0.050904177386855556), (835, 241496, coffee_shop, 0.14885495305213428), (2721, 241637, movie_theater, 0.02460201233619288), Length: 3.126713169099696, Heuristic: 0.0, Cat unordered: [], Counter: 0]|Time: 36406 ms|Time for KNN: 186157312 ms|Heap fetches: 4232|Max heap size: 3492
211086 [5, 6, 0, 0, 5] []|Found route: [POIs: (4011, 210824, pub_bar, 0.5684464810642218), (4011, 210824, pub_bar, 0.0), (4412, 210654, gas_station, 0.7458718811944474), (704, 210325, restaurant, 1.4968806476883598), (704, 210325, restaurant, 0.0), Length: 2.811199009947029, Heuristic: 0.0, Cat unordered: [], Counter: 0]|Time: 208418 ms|Time for KNN: 305284000 ms|Heap fetches: 47608|Max heap size: 30096
176222 [2, 6, 4, 1, 1] []|Found route: [POIs: (1560, 177736, coffee_shop, 0.5291295075972154), (1560, 177736, coffee_shop, 0.0), (2485, 187278, atm_bank, 0.9205119872571049), (2942, 187536, pharmacy, 0.2928676453202612), (4488, 187942, gas_station, 0.29899211312304763), Length: 2.0415012532976293, Heuristic: 0.0, Cat unordered: [], Counter: 0]|Time: 2965081 ms|Time for KNN: 205867699 ms|Heap fetches: 897288|Max heap size: 524462
234015 [0, 5, 0, 3, 1] []|Found route: [POIs: (586, 233722, coffee_shop, 0.32058777634394875), (586, 233722, restaurant, 0.0), (586, 233722, restaurant, 0.0), (3687, 233899, pub_bar, 0.2846987756771909), (2753, 233915, movie_theater, 0.09585278426330793), Length: 0.7011393362844476, Heuristic: 0.0, Cat unordered: [], Counter: 0]|Time: 65250 ms|Time for KNN: 5045820696 ms|Heap fetches: 20728|Max heap size: 18378
197196 [4, 3, 5, 5, 3] []|Found route: [POIs: (3388, 98910, pharmacy, 4.811538896994345), (4320, 98915, pub_bar, 0.014421176579945183), (4320, 98915, pub_bar, 0.0), (2814, 98895, movie_theater, 0.05798277917752695), (2814, 98895, movie_theater, 0.0), Length: 4.883942852751817, Heuristic: 0.0, Cat unordered: [], Counter: 0]|Time: 131769 ms|Time for KNN: 123825246 ms|Heap fetches: 13080|Max heap size: 12840
410767 [5, 2, 5, 2, 2] []|Found route: [POIs: (3732, 242308, pub_bar, 6.15389897703254), (3732, 242308, pub_bar, 0.0), (2295, 241941, atm_bank, 0.8396644985988818), (2295, 241941, atm_bank, 0.0), (2295, 241941, atm_bank, 0.0), Length: 6.993563475631422, Heuristic: 0.0, Cat unordered: [], Counter: 0]|Time: 63438 ms|Time for KNN: 252720849 ms|Heap fetches: 6072|Max heap size: 5592
174058 [5, 5, 6, 6, 2] []|Found route: [POIs: (4361, 139648, pub_bar, 1.367958330471613), (4361, 139648, pub_bar, 0.0), (2658, 139498, atm_bank, 0.05306580400892053), (4414, 139471, gas_station, 0.28428215848264116), (4414, 139471, gas_station, 0.0), Length: 1.7053062929631746, Heuristic: 0.0, Cat unordered: [], Counter: 0]|Time: 268539 ms|Time for KNN: 4743308092 ms|Heap fetches: 74768|Max heap size: 73476
138979 [2, 6, 4, 0, 5] []|Found route: [POIs: (2431, 138939, atm_bank, 0.42296251398566087), (2885, 138939, pharmacy, 0.0), (4186, 138902, pub_bar, 0.13693144823189385), (1695, 139498, restaurant, 0.12469200994661914), (4414, 139471, gas_station, 0.28428215848264116), Length: 0.968868130646815, Heuristic: 0.0, Cat unordered: [], Counter: 0]|Time: 55479 ms|Time for KNN: 17047588 ms|Heap fetches: 14746|Max heap size: 11049
152337 [0, 3, 4, 2, 5] []|Found route: [POIs: (2669, 151342, atm_bank, 0.6717801767839227), (2808, 150853, movie_theater, 0.351797893774187), (863, 151691, restaurant, 0.27675500976603634), (3741, 151691, pub_bar, 0.0), (3162, 144922, pharmacy, 0.3205503661296797), Length: 1.6208834464538255, Heuristic: 0.0, Cat unordered: [], Counter: 0]|Time: 238828 ms|Time for KNN: 577524754 ms|Heap fetches: 64107|Max heap size: 56548
204735 [6, 6, 6, 3, 6] []|Found route: [POIs: (4496, 205493, gas_station, 1.4220381297109068), (4496, 205493, gas_station, 0.0), (4496, 205493, gas_station, 0.0), (4496, 205493, gas_station, 0.0), (2681, 204019, movie_theater, 1.4947090796461149), Length: 2.9167472093570215, Heuristic: 0.0, Cat unordered: [], Counter: 0]|Time: 44199 ms|Time for KNN: 417668838 ms|Heap fetches: 2184|Max heap size: 1944
300899 [2, 6, 4, 2, 1] []|Found route: [POIs: (1995, 299042, coffee_shop, 0.8664366456374107), (2282, 299039, atm_bank, 0.21871701235281588), (2282, 299039, atm_bank, 0.0), (3019, 299089, pharmacy, 0.06203663942983285), (4504, 300118, gas_station, 0.553731338220806), Length: 1.7009216356408654, Heuristic: 0.0, Cat unordered: [], Counter: 0]|Time: 1735974 ms|Time for KNN: 103975970 ms|Heap fetches: 675050|Max heap size: 350272
309897 [5, 3, 2, 0, 5] []|Found route: [POIs: (2422, 309727, atm_bank, 1.001907265842245), (1342, 309687, restaurant, 0.04483910340463813), (3688, 311178, pub_bar, 0.6658564747267688), (3688, 311178, pub_bar, 0.0), (2741, 310716, movie_theater, 0.14230191153884433), Length: 1.8549047555124962, Heuristic: 0.0, Cat unordered: [], Counter: 0]|Time: 57563 ms|Time for KNN: 263617227 ms|Heap fetches: 12474|Max heap size: 8242
243748 [6, 1, 0, 2, 3] []|Found route: [POIs: (4496, 205493, gas_station, 3.253270300541273), (1353, 204957, coffee_shop, 0.7752683023192811), (2319, 203692, atm_bank, 0.2338095310881265), (413, 204019, restaurant, 0.48563124623870724), (2681, 204019, movie_theater, 0.0), Length: 4.747979380187386, Heuristic: 0.0, Cat unordered: [], Counter: 0]|Time: 1206246 ms|Time for KNN: 1240392381 ms|Heap fetches: 105992|Max heap size: 59156
348741 [6, 6, 0, 1, 0] []|Found route: [POIs: (4458, 348937, gas_station, 0.40976041873493446), (4458, 348937, gas_station, 0.0), (399, 347766, restaurant, 1.5655931044528852), (399, 347766, coffee_shop, 0.0), (399, 347766, restaurant, 0.0), Length: 1.9753535231878196, Heuristic: 0.0, Cat unordered: [], Counter: 0]|Time: 189835 ms|Time for KNN: 45190262 ms|Heap fetches: 40892|Max heap size: 28768
3355 [0, 3, 6, 4, 6] []|Found route: [POIs: (3270, 4174, pharmacy, 2.799032151164288), (4417, 10283, gas_station, 4.74159858399551), (4417, 10283, gas_station, 0.0), (1177, 12615, restaurant, 2.7230140886098453), (2775, 12609, movie_theater, 0.13040901742066338), Length: 10.394053841190306, Heuristic: 0.0, Cat unordered: [], Counter: 0]|Time: 382120 ms|Time for KNN: 761112868 ms|Heap fetches: 49600|Max heap size: 33620
122650 [0, 6, 1, 3, 6] []|Found route: [POIs: (4380, 122776, gas_station, 0.5220168291795967), (4380, 122776, gas_station, 0.0), (2807, 121884, movie_theater, 0.4640990711732471), (1955, 121855, coffee_shop, 0.28890600282769446), (1955, 121855, restaurant, 0.0), Length: 1.2750219031805383, Heuristic: 0.0, Cat unordered: [], Counter: 0]|Time: 142582 ms|Time for KNN: 1160165104 ms|Heap fetches: 36958|Max heap size: 31382
55485 [0, 2, 3, 1, 0] []|Found route: [POIs: (2136, 55335, atm_bank, 0.11148798376903203), (2782, 56332, movie_theater, 0.9715881622388925), (94, 57456, restaurant, 0.06354205223533095), (94, 57456, coffee_shop, 0.0), (94, 57456, restaurant, 0.0), Length: 1.1466181982432555, Heuristic: 0.0, Cat unordered: [], Counter: 0]|Time: 37555 ms|Time for KNN: 147544023 ms|Heap fetches: 9356|Max heap size: 8132
187406 [2, 4, 5, 6, 6] []|Found route: [POIs: (2485, 187278, atm_bank, 0.06423088935401472), (2942, 187536, pharmacy, 0.2928676453202612), (4019, 187311, pub_bar, 0.01275150846667861), (4488, 187942, gas_station, 0.31174362158972624), (4488, 187942, gas_station, 0.0), Length: 0.6815936647306808, Heuristic: 0.0, Cat unordered: [], Counter: 0]|Time: 89922 ms|Time for KNN: 832089353 ms|Heap fetches: 18502|Max heap size: 15624
381385 [1, 3, 1, 6, 5] []|Found route: [POIs: (1220, 382505, coffee_shop, 0.645476639594858), (1220, 382505, coffee_shop, 0.0), (3950, 382508, pub_bar, 0.034411193095483135), (4407, 381123, gas_station, 1.0164108835757337), (2699, 370865, movie_theater, 1.8600797867218515), Length: 3.5563785029879265, Heuristic: 0.0, Cat unordered: [], Counter: 0]|Time: 152647 ms|Time for KNN: 289830376 ms|Heap fetches: 9342|Max heap size: 8062
289442 [5, 1, 6, 5, 4] []|Found route: [POIs: (4393, 288927, gas_station, 0.390972655247892), (4220, 288331, pub_bar, 0.9843335257990738), (4220, 288331, pub_bar, 0.0), (2872, 289298, pharmacy, 1.8586932837729728), (238, 289571, coffee_shop, 2.051051988379497), Length: 5.285051453199436, Heuristic: 0.0, Cat unordered: [], Counter: 0]|Time: 43774 ms|Time for KNN: 611300572 ms|Heap fetches: 4074|Max heap size: 3244
262059 [0, 1, 2, 2, 0] []|Found route: [POIs: (740, 263232, restaurant, 1.2161227514485202), (740, 263232, coffee_shop, 0.0), (2399, 263232, atm_bank, 0.0), (2399, 263232, atm_bank, 0.0), (740, 263232, restaurant, 0.0), Length: 1.2161227514485202, Heuristic: 0.0, Cat unordered: [], Counter: 0]|Time: 16774 ms|Time for KNN: 15728981 ms|Heap fetches: 960|Max heap size: 720
156065 [2, 0, 2, 6, 0] []|Found route: [POIs: (2596, 155158, atm_bank, 1.0966508216758413), (2596, 155158, atm_bank, 0.0), (47, 155097, restaurant, 0.20034820567036946), (47, 155097, restaurant, 0.0), (4367, 150488, gas_station, 0.5276131902061238), Length: 1.8246122175523343, Heuristic: 0.0, Cat unordered: [], Counter: 0]|Time: 578205 ms|Time for KNN: 5790651285 ms|Heap fetches: 159728|Max heap size: 119864
414916 [5, 0, 6, 2, 6] []|Found route: [POIs: (2389, 413816, atm_bank, 1.3358059300250504), (750, 413806, restaurant, 0.06154111589700628), (4538, 402564, gas_station, 7.397643627863907), (4538, 402564, gas_station, 0.0), (3715, 402518, pub_bar, 0.2205813992176387), Length: 9.015572073003604, Heuristic: 0.0, Cat unordered: [], Counter: 0]|Time: 325106 ms|Time for KNN: 3284313005 ms|Heap fetches: 28862|Max heap size: 22236
281970 [2, 6, 2, 2, 6] []|Found route: [POIs: (4430, 354980, gas_station, 2.3296981270747232), (4430, 354980, gas_station, 0.0), (2548, 354932, atm_bank, 0.30669910477182444), (2548, 354932, atm_bank, 0.0), (2548, 354932, atm_bank, 0.0), Length: 2.636397231846548, Heuristic: 0.0, Cat unordered: [], Counter: 0]|Time: 31603 ms|Time for KNN: 97898365 ms|Heap fetches: 4500|Max heap size: 3792
157586 [2, 5, 4, 6, 6] []|Found route: [POIs: (4362, 158363, gas_station, 0.8950027070668489), (4362, 158363, gas_station, 0.0), (3727, 158057, pub_bar, 0.38357920323710004), (2235, 158468, atm_bank, 0.19202883761968445), (2974, 158592, pharmacy, 0.05154910764146938), Length: 1.5221598555651028, Heuristic: 0.0, Cat unordered: [], Counter: 0]|Time: 70316 ms|Time for KNN: 294592809 ms|Heap fetches: 16334|Max heap size: 12816
311747 [2, 1, 6, 6, 1] []|Found route: [POIs: (2331, 309716, atm_bank, 1.7172639207156577), (37, 309860, coffee_shop, 0.1056145951607611), (37, 309860, coffee_shop, 0.0), (4481, 310526, gas_station, 0.6418105406471779), (4481, 310526, gas_station, 0.0), Length: 2.4646890565235964, Heuristic: 0.0, Cat unordered: [], Counter: 0]|Time: 48844 ms|Time for KNN: 330810359 ms|Heap fetches: 4060|Max heap size: 3600
183188 [6, 3, 1, 0, 2] []|Found route: [POIs: (1044, 186260, restaurant, 0.8360790702472076), (1044, 186260, coffee_shop, 0.0), (2764, 186260, movie_theater, 0.0), (2272, 186504, atm_bank, 0.7413251234647066), (4488, 187942, gas_station, 0.7796451093823069), Length: 2.357049303094221, Heuristic: 0.0, Cat unordered: [], Counter: 0]|Time: 5320761 ms|Time for KNN: 655133023 ms|Heap fetches: 1548672|Max heap size: 1132965
277779 [0, 3, 4, 6, 0] []|Found route: [POIs: (4526, 276863, gas_station, 1.4609008850329313), (2747, 275432, movie_theater, 0.9727728842856275), (2080, 275467, restaurant, 0.327695349367367), (2080, 275467, restaurant, 0.0), (3227, 275456, pharmacy, 0.10992855347150066), Length: 2.8712976721574264, Heuristic: 0.0, Cat unordered: [], Counter: 0]|Time: 406643 ms|Time for KNN: 1407210060 ms|Heap fetches: 87952|Max heap size: 62170
197407 [3, 0, 3, 4, 1] []|Found route: [POIs: (2758, 197695, movie_theater, 1.5614507415924246), (2758, 197695, movie_theater, 0.0), (4, 220701, coffee_shop, 2.2421300639092094), (4, 220701, restaurant, 0.0), (2892, 220968, pharmacy, 0.8632332096026967), Length: 4.666814015104331, Heuristic: 0.0, Cat unordered: [], Counter: 0]|Time: 269257 ms|Time for KNN: 6236266883 ms|Heap fetches: 14382|Max heap size: 13906
218545 [4, 2, 2, 0, 5] []|Found route: [POIs: (3287, 218074, pharmacy, 1.539294503954033), (2514, 218099, atm_bank, 0.07287104436539364), (1654, 218285, restaurant, 0.04325654853734874), (2600, 218125, atm_bank, 0.019304393072014425), (3959, 244951, pub_bar, 3.4116106077969692), Length: 5.086337097725759, Heuristic: 0.0, Cat unordered: [], Counter: 0]|Time: 482385 ms|Time for KNN: 9402605292 ms|Heap fetches: 80866|Max heap size: 29152
35922 [0, 0, 3, 5, 0] []|Found route: [POIs: (3922, 252718, pub_bar, 2.1996010589206554), (603, 255424, restaurant, 1.4617986927409876), (603, 255424, restaurant, 0.0), (603, 255424, restaurant, 0.0), (2722, 255396, movie_theater, 0.0671220940930059), Length: 3.7285218457546487, Heuristic: 0.0, Cat unordered: [], Counter: 0]|Time: 1609037 ms|Time for KNN: 26625302149 ms|Heap fetches: 217908|Max heap size: 152334
332329 [3, 3, 4, 4, 0] []|Found route: [POIs: (2936, 325849, pharmacy, 1.1113438807390774), (2936, 325849, pharmacy, 0.0), (2737, 323256, movie_theater, 0.2715706599537476), (2737, 323256, movie_theater, 0.0), (1778, 323256, restaurant, 0.0), Length: 1.382914540692825, Heuristic: 0.0, Cat unordered: [], Counter: 0]|Time: 52225 ms|Time for KNN: 60157876 ms|Heap fetches: 10348|Max heap size: 9504
264624 [5, 6, 2, 2, 2] []|Found route: [POIs: (2627, 263315, atm_bank, 1.1769999576694112), (3785, 263232, pub_bar, 0.07642085876771547), (2399, 263232, atm_bank, 0.0), (2399, 263232, atm_bank, 0.0), (4501, 262839, gas_station, 0.4016845625437415), Length: 1.6551053789808683, Heuristic: 0.0, Cat unordered: [], Counter: 0]|Time: 53638 ms|Time for KNN: 52701035 ms|Heap fetches: 12612|Max heap size: 7974
227865 [6, 3, 0, 4, 6] []|Found route: [POIs: (4372, 207476, gas_station, 1.0567100761230088), (4372, 207476, gas_station, 0.0), (2681, 204019, movie_theater, 1.6150008742597177), (413, 204019, restaurant, 0.0), (3112, 203816, pharmacy, 0.2841261054498878), Length: 2.955837055832614, Heuristic: 0.0, Cat unordered: [], Counter: 0]|Time: 763261 ms|Time for KNN: 479992726 ms|Heap fetches: 62516|Max heap size: 46164
317680 [3, 6, 4, 3, 0] []|Found route: [POIs: (2792, 340029, movie_theater, 1.1802028384971162), (2792, 340029, movie_theater, 0.0), (2913, 341712, pharmacy, 1.2087520679610166), (1580, 341713, restaurant, 0.05961896333181632), (4387, 367074, gas_station, 1.3295310901730693), Length: 3.7781049599630183, Heuristic: 0.0, Cat unordered: [], Counter: 0]|Time: 2595376 ms|Time for KNN: 1742971640 ms|Heap fetches: 285108|Max heap size: 257792
411022 [5, 6, 2, 4, 5] []|Found route: [POIs: (3355, 398517, pharmacy, 4.123452249689675), (2500, 242905, atm_bank, 0.8764655567971862), (4506, 242566, gas_station, 0.6962194254167964), (3732, 242308, pub_bar, 0.5405987525044517), (3732, 242308, pub_bar, 0.0), Length: 6.236735984408109, Heuristic: 0.0, Cat unordered: [], Counter: 0]|Time: 84614 ms|Time for KNN: 566541617 ms|Heap fetches: 9080|Max heap size: 7284
376018 [4, 2, 5, 2, 0] []|Found route: [POIs: (2310, 375770, atm_bank, 0.28758269245151286), (2310, 375770, atm_bank, 0.0), (3832, 378304, pub_bar, 0.5669967571749268), (3257, 420222, pharmacy, 1.2977203361949021), (906, 420588, restaurant, 0.05224401868962085), Length: 2.2045438045109624, Heuristic: 0.0, Cat unordered: [], Counter: 0]|Time: 106191 ms|Time for KNN: 657079037 ms|Heap fetches: 17602|Max heap size: 12912
16090 [1, 4, 6, 1, 6] []|Found route: [POIs: (4427, 23848, gas_station, 2.2421246319185615), (4427, 23848, gas_station, 0.0), (165, 25405, coffee_shop, 1.2784183212748412), (165, 25405, coffee_shop, 0.0), (2950, 25338, pharmacy, 0.14755209421603444), Length: 3.6680950474094374, Heuristic: 0.0, Cat unordered: [], Counter: 0]|Time: 59103 ms|Time for KNN: 1165141453 ms|Heap fetches: 9580|Max heap size: 8288
76084 [2, 4, 6, 2, 1] []|Found route: [POIs: (3364, 76318, pharmacy, 0.34448306257033023), (1549, 75749, coffee_shop, 0.23312170304699412), (2190, 76472, atm_bank, 0.44698264578410374), (2190, 76472, atm_bank, 0.0), (4397, 76454, gas_station, 0.14819441218823198), Length: 1.1727818235896599, Heuristic: 0.0, Cat unordered: [], Counter: 0]|Time: 42493 ms|Time for KNN: 87398521 ms|Heap fetches: 8294|Max heap size: 6354
230992 [0, 6, 4, 4, 6] []|Found route: [POIs: (4527, 231065, gas_station, 0.15009400075748), (4527, 231065, gas_station, 0.0), (2906, 229531, pharmacy, 1.0880049301102395), (105, 229531, restaurant, 0.0), (2906, 229531, pharmacy, 0.0), Length: 1.2380989308677195, Heuristic: 0.0, Cat unordered: [], Counter: 0]|Time: 36876 ms|Time for KNN: 329238401 ms|Heap fetches: 4608|Max heap size: 3592
141806 [5, 2, 6, 2, 5] []|Found route: [POIs: (4361, 139648, pub_bar, 0.4816668590560571), (4361, 139648, pub_bar, 0.0), (2658, 139498, atm_bank, 0.05306580400892053), (2658, 139498, atm_bank, 0.0), (4414, 139471, gas_station, 0.28428215848264116), Length: 0.8190148215476188, Heuristic: 0.0, Cat unordered: [], Counter: 0]|Time: 23549 ms|Time for KNN: 125726511 ms|Heap fetches: 3328|Max heap size: 2820
111702 [2, 5, 3, 6, 0] []|Found route: [POIs: (2313, 111700, atm_bank, 0.01894674643882441), (3893, 164287, pub_bar, 3.3797894341415584), (1087, 164168, restaurant, 0.09700718785560956), (4524, 166237, gas_station, 0.9693548613521672), (2794, 166640, movie_theater, 0.24060291803385392), Length: 4.705701147822013, Heuristic: 0.0, Cat unordered: [], Counter: 0]|Time: 1652108 ms|Time for KNN: 10617329826 ms|Heap fetches: 301989|Max heap size: 222092
297102 [6, 4, 0, 5, 2] []|Found route: [POIs: (378, 294328, restaurant, 2.122655114546306), (2414, 294328, atm_bank, 0.0), (2884, 294449, pharmacy, 0.0384656972021782), (3635, 294433, pub_bar, 0.02406586203511337), (4517, 294319, gas_station, 0.2588254150904584), Length: 2.444012088874056, Heuristic: 0.0, Cat unordered: [], Counter: 0]|Time: 89895 ms|Time for KNN: 124768982 ms|Heap fetches: 19719|Max heap size: 17331
202265 [2, 4, 3, 4, 5] []|Found route: [POIs: (2247, 207385, atm_bank, 1.923765082479683), (3410, 207404, pub_bar, 0.019033913178230603), (3192, 207387, pharmacy, 0.09477747677305494), (3192, 207387, pharmacy, 0.0), (2681, 204019, movie_theater, 1.1815273726337718), Length: 3.2191038450647405, Heuristic: 0.0, Cat unordered: [], Counter: 0]|Time: 316397 ms|Time for KNN: 1947843399 ms|Heap fetches: 54980|Max heap size: 31182
399015 [0, 2, 4, 0, 1] []|Found route: [POIs: (2165, 394750, atm_bank, 1.8463039946229425), (2902, 394806, pharmacy, 0.02779020292868839), (1327, 393489, restaurant, 0.458331943964459), (1327, 393489, restaurant, 0.0), (1327, 393489, coffee_shop, 0.0), Length: 2.33242614151609, Heuristic: 0.0, Cat unordered: [], Counter: 0]|Time: 31965 ms|Time for KNN: 78213450 ms|Heap fetches: 3210|Max heap size: 2790
367961 [6, 3, 0, 4, 0] []|Found route: [POIs: (2988, 369663, pharmacy, 0.8242340139907276), (228, 369962, restaurant, 0.17674037902784104), (228, 369962, restaurant, 0.0), (2699, 370865, movie_theater, 0.923502735852014), (4406, 371065, gas_station, 0.6353681811021777), Length: 2.5598453099727605, Heuristic: 0.0, Cat unordered: [], Counter: 0]|Time: 231209 ms|Time for KNN: 105406793 ms|Heap fetches: 35742|Max heap size: 23450
87369 [2, 5, 6, 2, 6] []|Found route: [POIs: (3755, 88064, pub_bar, 1.26902683281636), (4486, 97715, gas_station, 0.2974561812470982), (2383, 97715, atm_bank, 0.0), (2383, 97715, atm_bank, 0.0), (4486, 97715, gas_station, 0.0), Length: 1.5664830140634582, Heuristic: 0.0, Cat unordered: [], Counter: 0]|Time: 19357 ms|Time for KNN: 17040778 ms|Heap fetches: 1948|Max heap size: 1436
413554 [0, 6, 5, 6, 4] []|Found route: [POIs: (278, 401204, restaurant, 3.769320245611717), (3355, 398517, pharmacy, 2.470322118622257), (4506, 242566, gas_station, 1.4112130950722261), (4506, 242566, gas_station, 0.0), (3732, 242308, pub_bar, 0.5405987525044517), Length: 8.191454211810651, Heuristic: 0.0, Cat unordered: [], Counter: 0]|Time: 239497 ms|Time for KNN: 2196081225 ms|Heap fetches: 19036|Max heap size: 15706
365884 [6, 2, 1, 5, 5] []|Found route: [POIs: (4387, 367074, gas_station, 1.1368672013249284), (3675, 341713, pub_bar, 1.3295310901730686), (3675, 341713, pub_bar, 0.0), (1580, 341713, coffee_shop, 0.0), (2178, 341966, atm_bank, 0.026004514607199457), Length: 2.4924028061051966, Heuristic: 0.0, Cat unordered: [], Counter: 0]|Time: 213425 ms|Time for KNN: 512485271 ms|Heap fetches: 38900|Max heap size: 36270
237399 [2, 5, 1, 3, 4] []|Found route: [POIs: (3916, 237364, pub_bar, 0.26979603366085414), (2804, 237364, movie_theater, 0.0), (121, 190313, coffee_shop, 0.2068223060834665), (2126, 237038, atm_bank, 0.2119370549036518), (3137, 190148, pharmacy, 0.08557661881244104), Length: 0.7741320134604135, Heuristic: 0.0, Cat unordered: [], Counter: 0]|Time: 114952 ms|Time for KNN: 2158734459 ms|Heap fetches: 34962|Max heap size: 27549
362805 [1, 5, 3, 5, 1] []|Found route: [POIs: (2727, 363315, movie_theater, 0.9944600577589571), (3438, 355732, pub_bar, 3.418850710980369), (3438, 355732, pub_bar, 0.0), (440, 355728, coffee_shop, 0.23184627739721425), (440, 355728, coffee_shop, 0.0), Length: 4.645157046136541, Heuristic: 0.0, Cat unordered: [], Counter: 0]|Time: 168568 ms|Time for KNN: 608224111 ms|Heap fetches: 22572|Max heap size: 15156
199153 [4, 4, 0, 5, 5] []|Found route: [POIs: (3408, 202009, pub_bar, 1.1803623935329228), (3408, 202009, pub_bar, 0.0), (1320, 201814, restaurant, 0.07132831711837954), (2831, 222384, pharmacy, 0.4746847645823831), (2831, 222384, pharmacy, 0.0), Length: 1.7263754752336855, Heuristic: 0.0, Cat unordered: [], Counter: 0]|Time: 60350 ms|Time for KNN: 153140776 ms|Heap fetches: 12920|Max heap size: 9820
38919 [2, 5, 5, 1, 1] []|Found route: [POIs: (2626, 252725, atm_bank, 1.9840859744151422), (617, 252644, coffee_shop, 0.06991796173316059), (617, 252644, coffee_shop, 0.0), (3922, 252718, pub_bar, 0.14050402158432426), (3922, 252718, pub_bar, 0.0), Length: 2.1945079577326267, Heuristic: 0.0, Cat unordered: [], Counter: 0]|Time: 21582 ms|Time for KNN: 56075061 ms|Heap fetches: 1344|Max heap size: 1096
187374 [3, 5, 6, 3, 0] []|Found route: [POIs: (2813, 187296, movie_theater, 0.10778007450971365), (2813, 187296, movie_theater, 0.0), (500, 188355, restaurant, 0.26127016443767903), (4200, 187261, pub_bar, 0.10513785298455645), (4488, 187942, gas_station, 0.3197240281665155), Length: 0.7939121200984647, Heuristic: 0.0, Cat unordered: [], Counter: 0]|Time: 241602 ms|Time for KNN: 1663294334 ms|Heap fetches: 71350|Max heap size: 64798
64613 [5, 5, 3, 6, 5] []|Found route: [POIs: (4416, 12989, gas_station, 0.23682775682278048), (4089, 13556, pub_bar, 1.7973490882813634), (4089, 13556, pub_bar, 0.0), (4089, 13556, pub_bar, 0.0), (2775, 12609, movie_theater, 0.4409358887889871), Length: 2.475112733893131, Heuristic: 0.0, Cat unordered: [], Counter: 0]|Time: 126651 ms|Time for KNN: 1452947231 ms|Heap fetches: 13194|Max heap size: 9492
276929 [2, 5, 5, 4, 6] []|Found route: [POIs: (4526, 276863, gas_station, 0.39918289851334193), (3815, 275476, pub_bar, 0.9434630853785618), (3815, 275476, pub_bar, 0.0), (3227, 275456, pharmacy, 0.12364878786034686), (2437, 275467, atm_bank, 0.10992855347150066), Length: 1.5762233252237514, Heuristic: 0.0, Cat unordered: [], Counter: 0]|Time: 76332 ms|Time for KNN: 606232221 ms|Heap fetches: 12682|Max heap size: 8412
428146 [6, 0, 2, 5, 1] []|Found route: [POIs: (1608, 409835, restaurant, 8.965801342447469), (3732, 242308, pub_bar, 3.037526331650797), (4448, 241987, gas_station, 0.6157255460520954), (350, 241689, coffee_shop, 0.1936127197019315), (2295, 241941, atm_bank, 0.150897776249769), Length: 12.963563716102062, Heuristic: 0.0, Cat unordered: [], Counter: 0]|Time: 168500 ms|Time for KNN: 2126959807 ms|Heap fetches: 18165|Max heap size: 14373
39939 [5, 1, 4, 3, 6] []|Found route: [POIs: (4513, 41058, gas_station, 1.5644614038926312), (3603, 55453, pub_bar, 8.537193814069036), (1293, 55394, coffee_shop, 0.7456156257131303), (2874, 55693, pharmacy, 0.2773086654287103), (2782, 56332, movie_theater, 0.5711196506572623), Length: 11.695699159760771, Heuristic: 0.0, Cat unordered: [], Counter: 0]|Time: 300053 ms|Time for KNN: 9574108808 ms|Heap fetches: 55743|Max heap size: 30051
39330 [0, 0, 6, 0, 5] []|Found route: [POIs: (319, 253796, restaurant, 0.883202270152291), (319, 253796, restaurant, 0.0), (4429, 290561, gas_station, 0.249845422212361), (318, 292147, restaurant, 0.8384242820444248), (3595, 292009, pub_bar, 0.09532692111825268), Length: 2.0667988955273295, Heuristic: 0.0, Cat unordered: [], Counter: 0]|Time: 82562 ms|Time for KNN: 412800984 ms|Heap fetches: 17706|Max heap size: 15156
217928 [3, 3, 5, 0, 0] []|Found route: [POIs: (3479, 203895, pub_bar, 5.912580349836562), (2681, 204019, movie_theater, 0.7665831437366348), (2681, 204019, movie_theater, 0.0), (413, 204019, restaurant, 0.0), (413, 204019, restaurant, 0.0), Length: 6.6791634935731965, Heuristic: 0.0, Cat unordered: [], Counter: 0]|Time: 426473 ms|Time for KNN: 128846419 ms|Heap fetches: 39408|Max heap size: 28020
216159 [6, 1, 1, 2, 6] []|Found route: [POIs: (4514, 216872, gas_station, 0.3192839863061078), (4514, 216872, gas_station, 0.0), (2514, 218099, atm_bank, 2.0101009713056968), (1654, 218285, coffee_shop, 0.04325654853734874), (1654, 218285, coffee_shop, 0.0), Length: 2.3726415061491535, Heuristic: 0.0, Cat unordered: [], Counter: 0]|Time: 236423 ms|Time for KNN: 1075861758 ms|Heap fetches: 38932|Max heap size: 24348
28429 [5, 0, 6, 1, 0] []|Found route: [POIs: (1147, 28517, restaurant, 0.180847087469151), (1062, 28498, coffee_shop, 0.11244376497875626), (1062, 28498, restaurant, 0.0), (4424, 29042, gas_station, 0.5098346463716488), (4354, 115188, pub_bar, 0.9332579942841918), Length: 1.7363834931037476, Heuristic: 0.0, Cat unordered: [], Counter: 0]|Time: 144575 ms|Time for KNN: 426505025 ms|Heap fetches: 39306|Max heap size: 25070
282734 [0, 4, 5, 5, 2] []|Found route: [POIs: (4217, 278353, pub_bar, 3.665100733462592), (4217, 278353, pub_bar, 0.0), (3315, 278020, pharmacy, 0.3565705406101811), (847, 278293, restaurant, 0.045288894344563145), (2592, 278204, atm_bank, 0.06856294885578482), Length: 4.135523117273121, Heuristic: 0.0, Cat unordered: [], Counter: 0]|Time: 36537 ms|Time for KNN: 181439836 ms|Heap fetches: 4534|Max heap size: 3606
233488 [2, 5, 4, 3, 5] []|Found route: [POIs: (2753, 233915, movie_theater, 0.8463451165653019), (3687, 233899, pub_bar, 0.09585278426330793), (3687, 233899, pub_bar, 0.0), (3000, 233234, pharmacy, 0.36363599733361446), (2213, 233240, atm_bank, 0.01870474234906383), Length: 1.324538640511288, Heuristic: 0.0, Cat unordered: [], Counter: 0]|Time: 81775 ms|Time for KNN: 470623055 ms|Heap fetches: 20904|Max heap size: 17722
356108 [4, 5, 3, 1, 4] []|Found route: [POIs: (3438, 355732, pub_bar, 1.4049652690356056), (2727, 363315, movie_theater, 3.4188507109803705), (3014, 363419, pharmacy, 0.043714707584981596), (3014, 363419, pharmacy, 0.0), (1653, 363424, coffee_shop, 0.21743916412446448), Length: 5.084969851725422, Heuristic: 0.0, Cat unordered: [], Counter: 0]|Time: 305977 ms|Time for KNN: 1023506815 ms|Heap fetches: 35762|Max heap size: 22898
323483 [2, 4, 1, 5, 6] []|Found route: [POIs: (2488, 319907, atm_bank, 0.6609764898605928), (1801, 319883, coffee_shop, 0.09314040366852872), (3042, 319687, pharmacy, 0.13783568173838723), (4244, 319951, pub_bar, 0.09693297745604083), (4379, 304074, gas_station, 0.30588987914475235), Length: 1.2947754318683018, Heuristic: 0.0, Cat unordered: [], Counter: 0]|Time: 161774 ms|Time for KNN: 942646706 ms|Heap fetches: 50857|Max heap size: 41080
295268 [4, 0, 5, 4, 6] []|Found route: [POIs: (1726, 295303, restaurant, 0.49983158356406526), (3594, 292065, pub_bar, 1.0674691455952892), (3039, 292155, pharmacy, 0.037024074484817524), (3039, 292155, pharmacy, 0.0), (4525, 292060, gas_station, 0.09720528887289077), Length: 1.7015300925170629, Heuristic: 0.0, Cat unordered: [], Counter: 0]|Time: 29391 ms|Time for KNN: 98348191 ms|Heap fetches: 4158|Max heap size: 3488
8186 [2, 5, 0, 3, 5] []|Found route: [POIs: (1188, 13667, restaurant, 5.043774854041761), (2227, 13551, atm_bank, 0.13672085360267217), (4089, 13556, pub_bar, 0.02075596481827038), (4089, 13556, pub_bar, 0.0), (2775, 12609, movie_theater, 0.4409358887889871), Length: 5.64218756125169, Heuristic: 0.0, Cat unordered: [], Counter: 0]|Time: 157164 ms|Time for KNN: 3484930525 ms|Heap fetches: 23504|Max heap size: 17206
122559 [5, 6, 4, 3, 5] []|Found route: [POIs: (4380, 122776, gas_station, 0.5788382118073563), (2807, 121884, movie_theater, 0.4640990711732471), (3381, 121772, pharmacy, 0.24856557990097955), (4300, 143598, pub_bar, 0.3826137060592348), (4300, 143598, pub_bar, 0.0), Length: 1.6741165689408177, Heuristic: 0.0, Cat unordered: [], Counter: 0]|Time: 194393 ms|Time for KNN: 1193345897 ms|Heap fetches: 46906|Max heap size: 37438
412959 [5, 1, 5, 1, 4] []|Found route: [POIs: (498, 403942, coffee_shop, 6.7809899875163415), (498, 403942, coffee_shop, 0.0), (3611, 404209, pub_bar, 0.8741440399846218), (3611, 404209, pub_bar, 0.0), (3049, 404207, pharmacy, 0.04163765063549767), Length: 7.696771678136462, Heuristic: 0.0, Cat unordered: [], Counter: 0]|Time: 160381 ms|Time for KNN: 1386944708 ms|Heap fetches: 9240|Max heap size: 8584
85555 [6, 5, 1, 6, 5] []|Found route: [POIs: (775, 86668, coffee_shop, 1.1195479961989812), (4536, 86625, gas_station, 0.23421338300305958), (4536, 86625, gas_station, 0.0), (4044, 95077, pub_bar, 0.7219024015058515), (4044, 95077, pub_bar, 0.0), Length: 2.075663780707892, Heuristic: 0.0, Cat unordered: [], Counter: 0]|Time: 23129 ms|Time for KNN: 53401357 ms|Heap fetches: 2336|Max heap size: 2016
149405 [3, 4, 0, 3, 5] []|Found route: [POIs: (3229, 146028, pharmacy, 0.6349182410186496), (1085, 144161, restaurant, 0.4204283810421112), (3461, 144161, pub_bar, 0.0), (2742, 144082, movie_theater, 0.08515328480881203), (2742, 144082, movie_theater, 0.0), Length: 1.140499906869573, Heuristic: 0.0, Cat unordered: [], Counter: 0]|Time: 87188 ms|Time for KNN: 93267435 ms|Heap fetches: 21394|Max heap size: 17896
35606 [3, 0, 0, 5, 2] []|Found route: [POIs: (344, 132536, restaurant, 2.1819746311149584), (3519, 293501, pub_bar, 2.366771374160199), (2278, 293547, atm_bank, 0.08910451282493811), (1405, 293545, restaurant, 0.15573970175784738), (2787, 299711, movie_theater, 0.39842268197587344), Length: 5.192012901833814, Heuristic: 0.0, Cat unordered: [], Counter: 0]|Time: 13518457 ms|Time for KNN: 10315929582 ms|Heap fetches: 1971536|Max heap size: 672436
76394 [0, 1, 6, 0, 2] []|Found route: [POIs: (4397, 76454, gas_station, 0.36323555800545126), (2190, 76472, atm_bank, 0.14819441218823198), (1549, 75749, restaurant, 0.4469826457841036), (1549, 75749, coffee_shop, 0.0), (1549, 75749, restaurant, 0.0), Length: 0.9584126159777869, Heuristic: 0.0, Cat unordered: [], Counter: 0]|Time: 77595 ms|Time for KNN: 867980467 ms|Heap fetches: 23950|Max heap size: 16504
201248 [4, 2, 1, 1, 6] []|Found route: [POIs: (1470, 201830, coffee_shop, 0.4096761668716004), (1470, 201830, coffee_shop, 0.0), (4373, 199295, gas_station, 0.5181472083473626), (2830, 221638, pharmacy, 0.5840186860392077), (2111, 222257, atm_bank, 0.7097327156816046), Length: 2.221574776939775, Heuristic: 0.0, Cat unordered: [], Counter: 0]|Time: 287169 ms|Time for KNN: 5633330926 ms|Heap fetches: 57760|Max heap size: 29384
40070 [5, 4, 5, 5, 3] []|Found route: [POIs: (3603, 55453, pub_bar, 9.449054218960113), (3603, 55453, pub_bar, 0.0), (3603, 55453, pub_bar, 0.0), (2874, 55693, pharmacy, 1.0027187705968645), (2782, 56332, movie_theater, 0.5711196506572623), Length: 11.022892640214238, Heuristic: 0.0, Cat unordered: [], Counter: 0]|Time: 30646 ms|Time for KNN: 250160510 ms|Heap fetches: 3378|Max heap size: 2844
40120 [3, 1, 2, 5, 2] []|Found route: [POIs: (325, 55307, coffee_shop, 8.653416435934954), (3603, 55453, pub_bar, 0.019332394639034172), (2136, 55335, atm_bank, 0.6427658452628469), (2136, 55335, atm_bank, 0.0), (2782, 56332, movie_theater, 0.9715881622388925), Length: 10.287102838075729, Heuristic: 0.0, Cat unordered: [], Counter: 0]|Time: 41476 ms|Time for KNN: 135728862 ms|Heap fetches: 5680|Max heap size: 4930
122530 [3, 1, 3, 5, 3] []|Found route: [POIs: (2807, 121884, movie_theater, 0.7509763483285612), (2807, 121884, movie_theater, 0.0), (2807, 121884, movie_theater, 0.0), (1955, 121855, coffee_shop, 0.28890600282769446), (4344, 143650, pub_bar, 0.20160420573090054), Length: 1.241486556887156, Heuristic: 0.0, Cat unordered: [], Counter: 0]|Time: 47367 ms|Time for KNN: 1259921150 ms|Heap fetches: 8880|Max heap size: 7704
125380 [6, 4, 3, 5, 1] []|Found route: [POIs: (2719, 126838, movie_theater, 1.4990782938395422), (2933, 126926, pharmacy, 0.23756686801772184), (3552, 126535, pub_bar, 0.4699992856173247), (942, 126378, coffee_shop, 0.07694986915786112), (4442, 126176, gas_station, 0.5807940545034485), Length: 2.8643883711358984, Heuristic: 0.0, Cat unordered: [], Counter: 0]|Time: 407072 ms|Time for KNN: 1451465220 ms|Heap fetches: 83708|Max heap size: 65078
233142 [4, 0, 0, 2, 2] []|Found route: [POIs: (780, 233220, restaurant, 0.35578868717829365), (667, 233221, restaurant, 0.05724449508375337), (2263, 233005, atm_bank, 0.08277960487967131), (2263, 233005, atm_bank, 0.0), (3000, 233234, pharmacy, 0.025037412106954794), Length: 0.520850199248673, Heuristic: 0.0, Cat unordered: [], Counter: 0]|Time: 22323 ms|Time for KNN: 103473159 ms|Heap fetches: 3844|Max heap size: 3004
364709 [4, 3, 6, 1, 1] []|Found route: [POIs: (3298, 364691, pharmacy, 0.30578615429239664), (1323, 364713, coffee_shop, 0.09125267008026236), (1323, 364713, coffee_shop, 0.0), (4432, 359706, gas_station, 2.172930061721919), (2699, 370865, movie_theater, 3.2731411555169965), Length: 5.843110041611575, Heuristic: 0.0, Cat unordered: [], Counter: 0]|Time: 426221 ms|Time for KNN: 166362954 ms|Heap fetches: 43292|Max heap size: 30044
333229 [0, 6, 2, 0, 0] []|Found route: [POIs: (2085, 333117, atm_bank, 0.045689428329629425), (161, 332312, restaurant, 0.9691086188748416), (161, 332312, restaurant, 0.0), (161, 332312, restaurant, 0.0), (4447, 332768, gas_station, 0.5479791206071218), Length: 1.5627771678115927, Heuristic: 0.0, Cat unordered: [], Counter: 0]|Time: 1076824 ms|Time for KNN: 38192482 ms|Heap fetches: 403662|Max heap size: 379152
217622 [2, 6, 4, 3, 6] []|Found route: [POIs: (4496, 205493, gas_station, 5.522013495335671), (4496, 205493, gas_station, 0.0), (2169, 204957, atm_bank, 0.7752683023192811), (3303, 203711, pharmacy, 0.12799015383403478), (2681, 204019, movie_theater, 0.591450623492799), Length: 7.016722574981785, Heuristic: 0.0, Cat unordered: [], Counter: 0]|Time: 1080241 ms|Time for KNN: 12102494567 ms|Heap fetches: 88616|Max heap size: 49852
94390 [4, 2, 2, 5, 0] []|Found route: [POIs: (1786, 97152, restaurant, 1.4569631866704795), (3212, 97095, pharmacy, 0.0392953053635673), (2406, 96678, atm_bank, 0.08104749115240302), (2406, 96678, atm_bank, 0.0), (4235, 96678, pub_bar, 0.0), Length: 1.57730598318645, Heuristic: 0.0, Cat unordered: [], Counter: 0]|Time: 27934 ms|Time for KNN: 117053158 ms|Heap fetches: 4034|Max heap size: 3634
194514 [4, 2, 4, 3, 5] []|Found route: [POIs: (3683, 203490, pub_bar, 2.2984763021399632), (3097, 203686, pharmacy, 0.6096151078224347), (2320, 203686, atm_bank, 0.0), (3097, 203686, pharmacy, 0.0), (2681, 204019, movie_theater, 0.4918654243834437), Length: 3.3999568343458413, Heuristic: 0.0, Cat unordered: [], Counter: 0]|Time: 374855 ms|Time for KNN: 16811762300 ms|Heap fetches: 54496|Max heap size: 25466
149618 [1, 5, 3, 0, 2] []|Found route: [POIs: (2164, 145992, atm_bank, 0.9828307668759656), (3461, 144161, pub_bar, 0.4011946290700922), (1085, 144161, restaurant, 0.0), (1085, 144161, coffee_shop, 0.0), (2742, 144082, movie_theater, 0.08515328480881203), Length: 1.46917868075487, Heuristic: 0.0, Cat unordered: [], Counter: 0]|Time: 146174 ms|Time for KNN: 556232631 ms|Heap fetches: 34034|Max heap size: 29797
49951 [2, 5, 0, 1, 5] []|Found route: [POIs: (3603, 55453, pub_bar, 2.05379308073055), (3603, 55453, pub_bar, 0.0), (325, 55307, restaurant, 0.019332394639034172), (325, 55307, coffee_shop, 0.0), (2522, 55460, atm_bank, 0.4622961890307189), Length: 2.535421664400303, Heuristic: 0.0, Cat unordered: [], Counter: 0]|Time: 20709 ms|Time for KNN: 33759213 ms|Heap fetches: 1748|Max heap size: 1398
221658 [3, 3, 2, 2, 4] []|Found route: [POIs: (2830, 221638, pharmacy, 0.18477361702532927), (2681, 204019, movie_theater, 3.081494532250465), (2681, 204019, movie_theater, 0.0), (2157, 203948, atm_bank, 0.25672515298724663), (2157, 203948, atm_bank, 0.0), Length: 3.5229933022630413, Heuristic: 0.0, Cat unordered: [], Counter: 0]|Time: 287546 ms|Time for KNN: 178474965 ms|Heap fetches: 26868|Max heap size: 24428
37969 [2, 5, 3, 3, 3] []|Found route: [POIs: (3730, 254070, pub_bar, 3.5964703249450687), (2371, 255183, atm_bank, 1.2053549625880189), (2722, 255396, movie_theater, 0.17874406405843085), (2722, 255396, movie_theater, 0.0), (2722, 255396, movie_theater, 0.0), Length: 4.980569351591519, Heuristic: 0.0, Cat unordered: [], Counter: 0]|Time: 261455 ms|Time for KNN: 5013037192 ms|Heap fetches: 14082|Max heap size: 11940
135711 [3, 3, 4, 4, 1] []|Found route: [POIs: (1074, 136760, coffee_shop, 0.5411484666621372), (2971, 136743, pharmacy, 0.21410267859551063), (2971, 136743, pharmacy, 0.0), (2783, 138754, movie_theater, 0.5350363458436623), (2783, 138754, movie_theater, 0.0), Length: 1.29028749110131, Heuristic: 0.0, Cat unordered: [], Counter: 0]|Time: 44336 ms|Time for KNN: 131926915 ms|Heap fetches: 7804|Max heap size: 6520
61360 [2, 3, 0, 6, 0] []|Found route: [POIs: (685, 58269, restaurant, 0.9418072288062815), (685, 58269, restaurant, 0.0), (2118, 58243, atm_bank, 0.014670236321711626), (4530, 57523, gas_station, 0.7610058736438423), (2692, 57721, movie_theater, 0.7376804418142999), Length: 2.4551637805861355, Heuristic: 0.0, Cat unordered: [], Counter: 0]|Time: 1456870 ms|Time for KNN: 2600064733 ms|Heap fetches: 301344|Max heap size: 80212
228691 [4, 0, 6, 1, 6] []|Found route: [POIs: (4503, 223815, gas_station, 1.504998889331536), (4503, 223815, gas_station, 0.0), (2831, 222384, pharmacy, 0.8162008061644377), (1320, 201814, restaurant, 0.47468476458238323), (1320, 201814, coffee_shop, 0.0), Length: 2.795884460078357, Heuristic: 0.0, Cat unordered: [], Counter: 0]|Time: 245752 ms|Time for KNN: 9279085290 ms|Heap fetches: 26362|Max heap size: 21758
427146 [1, 1, 2, 6, 4] []|Found route: [POIs: (2122, 384777, atm_bank, 2.6263620429860888), (1639, 384764, coffee_shop, 0.06911986123496502), (1639, 384764, coffee_shop, 0.0), (2858, 384663, pharmacy, 0.05625966448763131), (4411, 384025, gas_station, 0.8775432225837244), Length: 3.6292847912924096, Heuristic: 0.0, Cat unordered: [], Counter: 0]|Time: 37586 ms|Time for KNN: 225021501 ms|Heap fetches: 3746|Max heap size: 2940
75038 [1, 5, 1, 1, 5] []|Found route: [POIs: (1089, 74960, coffee_shop, 0.9218464172234493), (1089, 74960, coffee_shop, 0.0), (1089, 74960, coffee_shop, 0.0), (4050, 75201, pub_bar, 0.9725567631413675), (4050, 75201, pub_bar, 0.0), Length: 1.894403180364817, Heuristic: 0.0, Cat unordered: [], Counter: 0]|Time: 35109 ms|Time for KNN: 37189668 ms|Heap fetches: 5784|Max heap size: 5412
273017 [6, 2, 0, 3, 4] []|Found route: [POIs: (4539, 276224, gas_station, 2.0441802962092437), (2747, 275432, movie_theater, 0.9120425327118759), (2437, 275467, atm_bank, 0.327695349367367), (2080, 275467, restaurant, 0.0), (3227, 275456, pharmacy, 0.10992855347150066), Length: 3.393846731759987, Heuristic: 0.0, Cat unordered: [], Counter: 0]|Time: 242066 ms|Time for KNN: 1969622859 ms|Heap fetches: 36921|Max heap size: 22651
339902 [4, 5, 3, 1, 0] []|Found route: [POIs: (1061, 339385, restaurant, 0.39147276283690985), (3260, 339365, pharmacy, 0.052888730145835394), (3874, 339365, pub_bar, 0.0), (1387, 339366, coffee_shop, 0.2388038872593587), (2702, 337770, movie_theater, 1.3290278596835057), Length: 2.0121932399256095, Heuristic: 0.0, Cat unordered: [], Counter: 0]|Time: 388631 ms|Time for KNN: 1613921482 ms|Heap fetches: 121634|Max heap size: 78300
8418 [2, 0, 3, 6, 4] []|Found route: [POIs: (2870, 10967, pharmacy, 2.1352917032840137), (4477, 11271, gas_station, 1.3225594941950087), (1177, 12615, restaurant, 1.7923769184567897), (2775, 12609, movie_theater, 0.13040901742066338), (2475, 12609, atm_bank, 0.0), Length: 5.3806371333564735, Heuristic: 0.0, Cat unordered: [], Counter: 0]|Time: 701015 ms|Time for KNN: 12991224538 ms|Heap fetches: 106984|Max heap size: 53237
165638 [1, 6, 0, 6, 1] []|Found route: [POIs: (425, 165488, coffee_shop, 0.47344821849759205), (425, 165488, coffee_shop, 0.0), (426, 165508, restaurant, 0.03487062936235801), (4524, 166237, gas_station, 0.5286298535914588), (4524, 166237, gas_station, 0.0), Length: 1.0369487014514087, Heuristic: 0.0, Cat unordered: [], Counter: 0]|Time: 61095 ms|Time for KNN: 523028562 ms|Heap fetches: 12780|Max heap size: 10208
34158 [5, 3, 4, 2, 2] []|Found route: [POIs: (3833, 113360, pub_bar, 3.5517965256325126), (2234, 113295, atm_bank, 0.1404529530237122), (2234, 113295, atm_bank, 0.0), (2976, 113492, pharmacy, 0.7604308763850287), (2736, 112380, movie_theater, 1.0513586227029466), Length: 5.5040389777442, Heuristic: 0.0, Cat unordered: [], Counter: 0]|Time: 2694157 ms|Time for KNN: 343266579 ms|Heap fetches: 420810|Max heap size: 186012
14668 [1, 5, 3, 5, 6] []|Found route: [POIs: (4444, 14488, gas_station, 0.32431381845031615), (4093, 12641, pub_bar, 1.3144010756640603), (4093, 12641, pub_bar, 0.0), (1712, 12384, coffee_shop, 0.1630023093802419), (2775, 12609, movie_theater, 0.2658574708952805), Length: 2.0675746743898986, Heuristic: 0.0, Cat unordered: [], Counter: 0]|Time: 90464 ms|Time for KNN: 640810667 ms|Heap fetches: 11766|Max heap size: 8494
66764 [1, 1, 4, 6, 3] []|Found route: [POIs: (4536, 86625, gas_station, 3.8255106331087334), (2682, 95231, movie_theater, 0.7865180627317206), (11, 95231, coffee_shop, 0.0), (11, 95231, coffee_shop, 0.0), (2834, 95413, pharmacy, 0.15628322946978812), Length: 4.768311925310242, Heuristic: 0.0, Cat unordered: [], Counter: 0]|Time: 71902 ms|Time for KNN: 1028394350 ms|Heap fetches: 10208|Max heap size: 8238
296915 [0, 2, 3, 3, 2] []|Found route: [POIs: (378, 294328, restaurant, 1.2562020093885964), (2414, 294328, atm_bank, 0.0), (2414, 294328, atm_bank, 0.0), (2787, 299711, movie_theater, 0.960887651470819), (2787, 299711, movie_theater, 0.0), Length: 2.2170896608594153, Heuristic: 0.0, Cat unordered: [], Counter: 0]|Time: 125209 ms|Time for KNN: 2634427820 ms|Heap fetches: 30640|Max heap size: 23696
195311 [2, 2, 0, 0, 4] []|Found route: [POIs: (1378, 204958, restaurant, 1.9947018522915043), (1378, 204958, restaurant, 0.0), (3304, 204958, pharmacy, 0.0), (2226, 205336, atm_bank, 0.039345184529613345), (2226, 205336, atm_bank, 0.0), Length: 2.034047036821118, Heuristic: 0.0, Cat unordered: [], Counter: 0]|Time: 22241 ms|Time for KNN: 100942367 ms|Heap fetches: 2816|Max heap size: 2292
308514 [4, 4, 0, 3, 3] []|Found route: [POIs: (3301, 309687, pharmacy, 1.4669359000154356), (3301, 309687, pharmacy, 0.0), (1342, 309687, restaurant, 0.0), (2741, 310716, movie_theater, 0.8081583862656132), (2741, 310716, movie_theater, 0.0), Length: 2.275094286281049, Heuristic: 0.0, Cat unordered: [], Counter: 0]|Time: 111722 ms|Time for KNN: 282817502 ms|Heap fetches: 16248|Max heap size: 11884
363780 [2, 4, 6, 1, 3] []|Found route: [POIs: (2727, 363315, movie_theater, 1.7907516590487884), (3014, 363419, pharmacy, 0.043714707584981596), (2167, 363416, atm_bank, 0.11541312930332348), (1653, 363424, coffee_shop, 0.102026034821141), (4426, 361068, gas_station, 2.539400238004091), Length: 4.591305768762325, Heuristic: 0.0, Cat unordered: [], Counter: 0]|Time: 263271 ms|Time for KNN: 9968392806 ms|Heap fetches: 37736|Max heap size: 22018
238200 [6, 0, 6, 3, 6] []|Found route: [POIs: (2765, 237982, movie_theater, 0.7299835818154027), (1233, 238131, restaurant, 0.15829206062510545), (4469, 238157, gas_station, 0.41793653651507795), (4469, 238157, gas_station, 0.0), (4469, 238157, gas_station, 0.0), Length: 1.306212178955586, Heuristic: 0.0, Cat unordered: [], Counter: 0]|Time: 30430 ms|Time for KNN: 434418127 ms|Heap fetches: 4242|Max heap size: 3636
70887 [6, 6, 2, 4, 0] []|Found route: [POIs: (1582, 70969, restaurant, 0.33062057873874984), (3364, 76318, pharmacy, 2.8345272357115547), (2190, 76472, atm_bank, 0.3390392205162626), (4397, 76454, gas_station, 0.14819441218823198), (4397, 76454, gas_station, 0.0), Length: 3.6523814471547995, Heuristic: 0.0, Cat unordered: [], Counter: 0]|Time: 214112 ms|Time for KNN: 147353541 ms|Heap fetches: 38948|Max heap size: 36920
66837 [6, 5, 2, 3, 0] []|Found route: [POIs: (4536, 86625, gas_station, 3.555882627859757), (2386, 95209, atm_bank, 0.5066934742796312), (4044, 95077, pub_bar, 0.22485152608524475), (11, 95231, restaurant, 0.1246021054623239), (2682, 95231, movie_theater, 0.0), Length: 4.412029733686957, Heuristic: 0.0, Cat unordered: [], Counter: 0]|Time: 80565 ms|Time for KNN: 456390161 ms|Heap fetches: 10488|Max heap size: 8550
154554 [3, 6, 0, 3, 0] []|Found route: [POIs: (265, 148270, restaurant, 2.0128103741467185), (265, 148270, restaurant, 0.0), (2746, 147683, movie_theater, 0.1258987659259659), (2746, 147683, movie_theater, 0.0), (4535, 147405, gas_station, 0.3717209875667102), Length: 2.5104301276393945, Heuristic: 0.0, Cat unordered: [], Counter: 0]|Time: 698141 ms|Time for KNN: 198483680 ms|Heap fetches: 128508|Max heap size: 109032
75965 [3, 1, 3, 0, 2] []|Found route: [POIs: (2479, 76507, atm_bank, 0.2918266871620834), (1362, 119043, coffee_shop, 0.7451620088604788), (1362, 119043, restaurant, 0.0), (2731, 119050, movie_theater, 0.26135526069214754), (2731, 119050, movie_theater, 0.0), Length: 1.2983439567147097, Heuristic: 0.0, Cat unordered: [], Counter: 0]|Time: 52469 ms|Time for KNN: 290067246 ms|Heap fetches: 12402|Max heap size: 10014
365218 [6, 6, 5, 2, 4] []|Found route: [POIs: (2250, 380705, atm_bank, 1.4808861328104839), (4410, 380690, gas_station, 0.30100128278670235), (4410, 380690, gas_station, 0.0), (2860, 380661, pharmacy, 0.4021658296948222), (3544, 381602, pub_bar, 0.8135155542647307), Length: 2.9975687995567393, Heuristic: 0.0, Cat unordered: [], Counter: 0]|Time: 35003 ms|Time for KNN: 266947894 ms|Heap fetches: 4174|Max heap size: 3776
404853 [1, 0, 3, 3, 0] []|Found route: [POIs: (2683, 375297, movie_theater, 3.6010303981919427), (2683, 375297, movie_theater, 0.0), (76, 378423, coffee_shop, 1.2677297137450354), (76, 378423, restaurant, 0.0), (76, 378423, restaurant, 0.0), Length: 4.868760111936978, Heuristic: 0.0, Cat unordered: [], Counter: 0]|Time: 1060076 ms|Time for KNN: 8944454468 ms|Heap fetches: 111660|Max heap size: 99808
346629 [0, 5, 3, 2, 0] []|Found route: [POIs: (1572, 335836, restaurant, 1.257570706714319), (3456, 335308, pub_bar, 0.4628859866033759), (513, 335094, restaurant, 0.24733146987520688), (2349, 335178, atm_bank, 0.17259586224659096), (2697, 335053, movie_theater, 0.07728252023476087), Length: 2.2176665456742533, Heuristic: 0.0, Cat unordered: [], Counter: 0]|Time: 143836 ms|Time for KNN: 231763410 ms|Heap fetches: 36862|Max heap size: 27028
152941 [6, 0, 2, 4, 3] []|Found route: [POIs: (2750, 167674, movie_theater, 1.417737867125794), (8, 167516, restaurant, 0.08955441385958789), (3372, 167527, pharmacy, 0.09519983291054734), (2583, 167400, atm_bank, 0.245521369371509), (4437, 167249, gas_station, 0.6622595270933038), Length: 2.5102730103607422, Heuristic: 0.0, Cat unordered: [], Counter: 0]|Time: 991133 ms|Time for KNN: 7642843169 ms|Heap fetches: 159300|Max heap size: 134839
368369 [3, 2, 2, 3, 6] []|Found route: [POIs: (4408, 367523, gas_station, 0.2526279597612843), (2306, 369671, atm_bank, 1.5008031541331437), (2306, 369671, atm_bank, 0.0), (2699, 370865, movie_theater, 0.9238353130548467), (2699, 370865, movie_theater, 0.0), Length: 2.6772664269492745, Heuristic: 0.0, Cat unordered: [], Counter: 0]|Time: 180310 ms|Time for KNN: 3170849763 ms|Heap fetches: 16720|Max heap size: 12776
190318 [4, 5, 2, 0, 6] []|Found route: [POIs: (121, 190313, restaurant, 0.3586558130110462), (3137, 190148, pharmacy, 0.25802864874248493), (2177, 237238, atm_bank, 0.1526772206823075), (4190, 237249, pub_bar, 0.23596245551431744), (4445, 237271, gas_station, 0.32907230546967714), Length: 1.3343964434198332, Heuristic: 0.0, Cat unordered: [], Counter: 0]|Time: 673154 ms|Time for KNN: 7997590995 ms|Heap fetches: 252025|Max heap size: 194687
72119 [0, 1, 2, 1, 6] []|Found route: [POIs: (1549, 75749, restaurant, 1.4494957968927067), (1549, 75749, coffee_shop, 0.0), (1549, 75749, coffee_shop, 0.0), (2190, 76472, atm_bank, 0.44698264578410374), (4397, 76454, gas_station, 0.14819441218823198), Length: 2.0446728548650426, Heuristic: 0.0, Cat unordered: [], Counter: 0]|Time: 371037 ms|Time for KNN: 15527560236 ms|Heap fetches: 119482|Max heap size: 68022
111803 [6, 0, 1, 2, 6] []|Found route: [POIs: (4362, 158363, gas_station, 2.0493184182458575), (4362, 158363, gas_station, 0.0), (551, 158057, restaurant, 0.38357920323710004), (2235, 158468, atm_bank, 0.19202883761968445), (1013, 158471, coffee_shop, 0.014310648562636929), Length: 2.639237107665279, Heuristic: 0.0, Cat unordered: [], Counter: 0]|Time: 116459 ms|Time for KNN: 1290320045 ms|Heap fetches: 21926|Max heap size: 18210
138265 [2, 4, 4, 3, 0] []|Found route: [POIs: (2667, 168891, atm_bank, 0.41230589208188867), (1067, 168950, restaurant, 0.20913903542184653), (3261, 168950, pharmacy, 0.0), (3261, 168950, pharmacy, 0.0), (2684, 168819, movie_theater, 0.15324926710318287), Length: 0.774694194606918, Heuristic: 0.0, Cat unordered: [], Counter: 0]|Time: 24535 ms|Time for KNN: 63935744 ms|Heap fetches: 3846|Max heap size: 3126
44656 [5, 0, 4, 6, 2] []|Found route: [POIs: (4459, 50020, gas_station, 1.6926317644335265), (2891, 50533, pharmacy, 0.982162550698764), (3603, 55453, pub_bar, 1.50165084157707), (325, 55307, restaurant, 0.019332394639034172), (2522, 55460, atm_bank, 0.4622961890307189), Length: 4.658073740379113, Heuristic: 0.0, Cat unordered: [], Counter: 0]|Time: 74583 ms|Time for KNN: 323113330 ms|Heap fetches: 15779|Max heap size: 13587
73255 [6, 2, 3, 2, 6] []|Found route: [POIs: (2479, 76507, atm_bank, 1.2125673007382152), (2479, 76507, atm_bank, 0.0), (4397, 76454, gas_station, 0.06440911981279562), (4397, 76454, gas_station, 0.0), (2778, 114075, movie_theater, 0.7886912931246314), Length: 2.065667713675642, Heuristic: 0.0, Cat unordered: [], Counter: 0]|Time: 55504 ms|Time for KNN: 616412172 ms|Heap fetches: 7168|Max heap size: 6044
141490 [3, 5, 0, 3, 0] []|Found route: [POIs: (2710, 142311, movie_theater, 0.5185035910462731), (2710, 142311, movie_theater, 0.0), (1103, 142318, restaurant, 0.0914230698707293), (1103, 142318, restaurant, 0.0), (3821, 143129, pub_bar, 0.2404792534780285), Length: 0.8504059143950309, Heuristic: 0.0, Cat unordered: [], Counter: 0]|Time: 70313 ms|Time for KNN: 217520991 ms|Heap fetches: 19888|Max heap size: 16820
401070 [6, 6, 3, 1, 0] []|Found route: [POIs: (4506, 242566, gas_station, 3.3440631113739383), (4506, 242566, gas_station, 0.0), (349, 241753, restaurant, 0.47163743425239735), (835, 241496, coffee_shop, 0.14885495305213428), (2721, 241637, movie_theater, 0.02460201233619288), Length: 3.9891575110146626, Heuristic: 0.0, Cat unordered: [], Counter: 0]|Time: 86923 ms|Time for KNN: 206174854 ms|Heap fetches: 9296|Max heap size: 8010
9929 [6, 6, 4, 2, 0] []|Found route: [POIs: (4417, 10283, gas_station, 0.5929414307656484), (4417, 10283, gas_station, 0.0), (2870, 10967, pharmacy, 0.41766440757904477), (2538, 10889, atm_bank, 0.7376950464172852), (315, 10971, restaurant, 0.16012287679166998), Length: 1.9084237615536483, Heuristic: 0.0, Cat unordered: [], Counter: 0]|Time: 47020 ms|Time for KNN: 35585418 ms|Heap fetches: 7948|Max heap size: 6598
107913 [4, 2, 2, 3, 0] []|Found route: [POIs: (2935, 107605, pharmacy, 1.5006037934603438), (2307, 107723, atm_bank, 0.11003928452930187), (2307, 107723, atm_bank, 0.0), (1969, 98895, restaurant, 1.486910983021237), (2814, 98895, movie_theater, 0.0), Length: 3.097554061010881, Heuristic: 0.0, Cat unordered: [], Counter: 0]|Time: 355533 ms|Time for KNN: 2137732670 ms|Heap fetches: 80320|Max heap size: 41466
44191 [0, 3, 6, 1, 5] []|Found route: [POIs: (834, 44191, restaurant, 0.0), (4459, 50020, gas_station, 3.6249776159681946), (3603, 55453, pub_bar, 2.430144181233706), (1293, 55394, coffee_shop, 0.7456156257131303), (2782, 56332, movie_theater, 0.8484283160859728), Length: 7.6491657390010035, Heuristic: 0.0, Cat unordered: [], Counter: 0]|Time: 514567 ms|Time for KNN: 2140470491 ms|Heap fetches: 96307|Max heap size: 44999
43840 [2, 6, 2, 3, 1] []|Found route: [POIs: (4416, 12989, gas_station, 4.319910247907468), (1840, 13358, coffee_shop, 1.6548903688728491), (2462, 13695, atm_bank, 0.4264532239545602), (2462, 13695, atm_bank, 0.0), (2775, 12609, movie_theater, 0.19989846471829795), Length: 6.6011523054531756, Heuristic: 0.0, Cat unordered: [], Counter: 0]|Time: 314856 ms|Time for KNN: 2082462068 ms|Heap fetches: 39626|Max heap size: 27396
20561 [6, 0, 0, 5, 2] []|Found route: [POIs: (532, 21341, restaurant, 1.3096899713548675), (532, 21341, restaurant, 0.0), (2356, 21379, atm_bank, 0.01778632911001007), (3722, 21416, pub_bar, 0.5930319989074088), (4450, 31548, gas_station, 1.3730529887057854), Length: 3.293561288078072, Heuristic: 0.0, Cat unordered: [], Counter: 0]|Time: 110825 ms|Time for KNN: 872288820 ms|Heap fetches: 27944|Max heap size: 11602
200032 [2, 0, 5, 2, 5] []|Found route: [POIs: (3408, 202009, pub_bar, 0.5575141030456113), (3408, 202009, pub_bar, 0.0), (1320, 201814, restaurant, 0.07132831711837954), (2547, 222202, atm_bank, 1.23937329498552), (2547, 222202, atm_bank, 0.0), Length: 1.868215715149511, Heuristic: 0.0, Cat unordered: [], Counter: 0]|Time: 138022 ms|Time for KNN: 146980249 ms|Heap fetches: 28628|Max heap size: 22280
314034 [1, 6, 5, 0, 2] []|Found route: [POIs: (3507, 305069, pub_bar, 1.5867858216118218), (1523, 304205, coffee_shop, 0.4940785013764142), (1523, 304205, restaurant, 0.0), (2661, 304128, atm_bank, 0.1778854844230914), (4379, 304074, gas_station, 0.9136746036571621), Length: 3.17242441106849, Heuristic: 0.0, Cat unordered: [], Counter: 0]|Time: 2137328 ms|Time for KNN: 63463986 ms|Heap fetches: 843785|Max heap size: 480312
183318 [2, 6, 1, 5, 0] []|Found route: [POIs: (2223, 183577, atm_bank, 0.4742922964263063), (3799, 184123, pub_bar, 0.5535990386495327), (135, 166499, restaurant, 0.1508983238957015), (135, 166499, coffee_shop, 0.0), (4524, 166237, gas_station, 0.4556766067832244), Length: 1.634466265754765, Heuristic: 0.0, Cat unordered: [], Counter: 0]|Time: 327919 ms|Time for KNN: 59678235 ms|Heap fetches: 95205|Max heap size: 71482
277837 [2, 2, 2, 1, 2] []|Found route: [POIs: (810, 277793, coffee_shop, 0.03557346794574809), (2592, 278204, atm_bank, 0.3900402809146819), (2592, 278204, atm_bank, 0.0), (2592, 278204, atm_bank, 0.0), (2592, 278204, atm_bank, 0.0), Length: 0.42561374886043, Heuristic: 0.0, Cat unordered: [], Counter: 0]|Time: 14568 ms|Time for KNN: 8472321 ms|Heap fetches: 600|Max heap size: 360
370701 [2, 4, 2, 2, 4] []|Found route: [POIs: (3337, 369660, pharmacy, 1.2304198524189929), (3337, 369660, pharmacy, 0.0), (2306, 369671, atm_bank, 0.19718035005062526), (2306, 369671, atm_bank, 0.0), (2306, 369671, atm_bank, 0.0), Length: 1.4276002024696182, Heuristic: 0.0, Cat unordered: [], Counter: 0]|Time: 21498 ms|Time for KNN: 74355047 ms|Heap fetches: 1548|Max heap size: 1200
390953 [1, 0, 3, 1, 2] []|Found route: [POIs: (900, 390195, coffee_shop, 0.9061528698291328), (900, 390195, restaurant, 0.0), (2755, 390195, movie_theater, 0.0), (900, 390195, coffee_shop, 0.0), (2231, 388700, atm_bank, 0.5293119393636402), Length: 1.4354648091927729, Heuristic: 0.0, Cat unordered: [], Counter: 0]|Time: 23026 ms|Time for KNN: 66967931 ms|Heap fetches: 1544|Max heap size: 1148
364662 [2, 1, 3, 6, 0] []|Found route: [POIs: (98, 364689, coffee_shop, 0.2959128787251867), (98, 364689, restaurant, 0.0), (2155, 364742, atm_bank, 0.08578993150162842), (4492, 370703, gas_station, 3.9186882343215603), (2699, 370865, movie_theater, 1.5064339225817167), Length: 5.806824967130092, Heuristic: 0.0, Cat unordered: [], Counter: 0]|Time: 792264 ms|Time for KNN: 5216138294 ms|Heap fetches: 99191|Max heap size: 61764
80128 [0, 4, 5, 5, 1] []|Found route: [POIs: (504, 80631, coffee_shop, 0.5410412047320283), (504, 80631, restaurant, 0.0), (3888, 119609, pub_bar, 0.36508411707546323), (3888, 119609, pub_bar, 0.0), (2823, 119601, pharmacy, 0.18830356836243045), Length: 1.094428890169922, Heuristic: 0.0, Cat unordered: [], Counter: 0]|Time: 21637 ms|Time for KNN: 51905666 ms|Heap fetches: 2738|Max heap size: 2226
233579 [4, 4, 5, 1, 0] []|Found route: [POIs: (4113, 233220, pub_bar, 0.8241673374415548), (3000, 233234, pharmacy, 0.1650615120703795), (3000, 233234, pharmacy, 0.0), (805, 233215, coffee_shop, 0.08782249634366711), (805, 233215, restaurant, 0.0), Length: 1.0770513458556015, Heuristic: 0.0, Cat unordered: [], Counter: 0]|Time: 29790 ms|Time for KNN: 29632803 ms|Heap fetches: 6446|Max heap size: 5168
21260 [4, 1, 5, 2, 6] []|Found route: [POIs: (4450, 31548, gas_station, 0.5311184615536115), (3125, 21200, pharmacy, 1.0401668058626745), (505, 21200, coffee_shop, 0.0), (2268, 21131, atm_bank, 0.04622298396545088), (3722, 21416, pub_bar, 0.7346834325508741), Length: 2.352191683932611, Heuristic: 0.0, Cat unordered: [], Counter: 0]|Time: 42510 ms|Time for KNN: 218104799 ms|Heap fetches: 6679|Max heap size: 4291
259274 [3, 5, 1, 2, 6] []|Found route: [POIs: (2399, 263232, atm_bank, 0.4600235150422509), (740, 263232, coffee_shop, 0.0), (3785, 263232, pub_bar, 0.0), (4501, 262839, gas_station, 0.4016845625437415), (2722, 255396, movie_theater, 2.57303646220481), Length: 3.4347445397908025, Heuristic: 0.0, Cat unordered: [], Counter: 0]|Time: 218928 ms|Time for KNN: 859789048 ms|Heap fetches: 17437|Max heap size: 12664
233209 [2, 1, 3, 0, 3] []|Found route: [POIs: (667, 233221, restaurant, 0.25088609635293624), (805, 233215, coffee_shop, 0.11971172112964354), (2263, 233005, atm_bank, 0.06363642450109454), (2753, 233915, movie_theater, 0.46216075073553314), (2753, 233915, movie_theater, 0.0), Length: 0.8963949927192074, Heuristic: 0.0, Cat unordered: [], Counter: 0]|Time: 124700 ms|Time for KNN: 74676968 ms|Heap fetches: 34554|Max heap size: 22596
420946 [3, 4, 3, 2, 4] []|Found route: [POIs: (3370, 423150, pharmacy, 1.0802762169434903), (3370, 423150, pharmacy, 0.0), (2129, 424149, atm_bank, 0.3087541676973733), (2806, 424193, movie_theater, 0.17154477728759027), (2806, 424193, movie_theater, 0.0), Length: 1.5605751619284538, Heuristic: 0.0, Cat unordered: [], Counter: 0]|Time: 28880 ms|Time for KNN: 83447659 ms|Heap fetches: 2460|Max heap size: 1744
166848 [0, 3, 6, 6, 4] []|Found route: [POIs: (4437, 167249, gas_station, 0.3441145106265506), (4437, 167249, gas_station, 0.0), (3261, 168950, pharmacy, 0.693320691773961), (1067, 168950, restaurant, 0.0), (2684, 168819, movie_theater, 0.15324926710318287), Length: 1.1906844695036944, Heuristic: 0.0, Cat unordered: [], Counter: 0]|Time: 198516 ms|Time for KNN: 4579932189 ms|Heap fetches: 27930|Max heap size: 24330
324999 [1, 4, 2, 3, 5] []|Found route: [POIs: (537, 325034, coffee_shop, 0.41961473437649727), (3562, 326470, pub_bar, 0.06604935246642339), (3267, 326578, pharmacy, 0.3741251636354196), (2698, 326582, movie_theater, 0.014232524356501769), (2467, 337949, atm_bank, 0.11244080313857219), Length: 0.9864625779734142, Heuristic: 0.0, Cat unordered: [], Counter: 0]|Time: 118826 ms|Time for KNN: 368701841 ms|Heap fetches: 44724|Max heap size: 30953
347010 [2, 6, 0, 0, 5] []|Found route: [POIs: (4484, 349393, gas_station, 0.2501938222586891), (464, 347062, restaurant, 0.7258453219217598), (465, 346774, restaurant, 0.13998599506888765), (3709, 346849, pub_bar, 0.13480119836228752), (2337, 346850, atm_bank, 0.019142717646972958), Length: 1.269969055258597, Heuristic: 0.0, Cat unordered: [], Counter: 0]|Time: 68489 ms|Time for KNN: 311141236 ms|Heap fetches: 17088|Max heap size: 13042
188333 [0, 1, 6, 5, 2] []|Found route: [POIs: (2562, 188340, atm_bank, 0.22991085874854605), (1497, 188438, restaurant, 0.041180288210698746), (500, 188355, coffee_shop, 0.2496501469918951), (4200, 187261, pub_bar, 0.10513785298455645), (4488, 187942, gas_station, 0.3197240281665155), Length: 0.9456031751022118, Heuristic: 0.0, Cat unordered: [], Counter: 0]|Time: 537771 ms|Time for KNN: 3752961716 ms|Heap fetches: 190595|Max heap size: 141781
104488 [4, 4, 5, 4, 5] []|Found route: [POIs: (2943, 103294, pharmacy, 1.298170778186845), (2943, 103294, pharmacy, 0.0), (2943, 103294, pharmacy, 0.0), (3678, 103307, pub_bar, 0.014831171063148824), (3678, 103307, pub_bar, 0.0), Length: 1.3130019492499938, Heuristic: 0.0, Cat unordered: [], Counter: 0]|Time: 16349 ms|Time for KNN: 27314658 ms|Heap fetches: 768|Max heap size: 528
388171 [3, 4, 6, 6, 4] []|Found route: [POIs: (4475, 389368, gas_station, 1.3341119749803814), (4475, 389368, gas_station, 0.0), (2707, 388877, movie_theater, 0.8638376683112174), (3081, 391440, pharmacy, 0.14860550653280633), (3081, 391440, pharmacy, 0.0), Length: 2.3465551498244053, Heuristic: 0.0, Cat unordered: [], Counter: 0]|Time: 80678 ms|Time for KNN: 667344028 ms|Heap fetches: 5556|Max heap size: 4540
377332 [0, 4, 1, 2, 1] []|Found route: [POIs: (2107, 377957, atm_bank, 1.338018524222884), (182, 378056, restaurant, 0.03483959072346227), (182, 378056, coffee_shop, 0.0), (182, 378056, coffee_shop, 0.0), (2964, 379147, pharmacy, 1.0690237932607067), Length: 2.441881908207053, Heuristic: 0.0, Cat unordered: [], Counter: 0]|Time: 58112 ms|Time for KNN: 252593327 ms|Heap fetches: 8856|Max heap size: 7030
340526 [2, 2, 1, 1, 0] []|Found route: [POIs: (2237, 337539, atm_bank, 0.4143110422877606), (2237, 337539, atm_bank, 0.0), (611, 337511, coffee_shop, 0.18171519709579984), (611, 337511, coffee_shop, 0.0), (611, 337511, restaurant, 0.0), Length: 0.5960262393835605, Heuristic: 0.0, Cat unordered: [], Counter: 0]|Time: 26504 ms|Time for KNN: 13787204 ms|Heap fetches: 3648|Max heap size: 2908
390406 [1, 2, 5, 2, 1] []|Found route: [POIs: (900, 390195, coffee_shop, 0.771166254232289), (900, 390195, coffee_shop, 0.0), (3637, 388877, pub_bar, 0.5118373046124068), (2231, 388700, atm_bank, 0.0900486704473247), (2231, 388700, atm_bank, 0.0), Length: 1.3730522292920204, Heuristic: 0.0, Cat unordered: [], Counter: 0]|Time: 40627 ms|Time for KNN: 245378951 ms|Heap fetches: 4372|Max heap size: 3008
131943 [6, 0, 6, 1, 0] []|Found route: [POIs: (307, 128730, restaurant, 1.102709070318628), (307, 128730, coffee_shop, 0.0), (308, 128691, restaurant, 0.04286919723943777), (4463, 128702, gas_station, 0.02495935971605179), (4463, 128702, gas_station, 0.0), Length: 1.1705376272741175, Heuristic: 0.0, Cat unordered: [], Counter: 0]|Time: 17402 ms|Time for KNN: 32031416 ms|Heap fetches: 1280|Max heap size: 980
211066 [5, 5, 4, 1, 6] []|Found route: [POIs: (4011, 210824, pub_bar, 0.45211322457549524), (4011, 210824, pub_bar, 0.0), (4412, 210654, gas_station, 0.7458718811944474), (2865, 210398, pharmacy, 0.9519493222274192), (704, 210325, coffee_shop, 0.5543438080447456), Length: 2.7042782360421076, Heuristic: 0.0, Cat unordered: [], Counter: 0]|Time: 84322 ms|Time for KNN: 49438910 ms|Heap fetches: 14848|Max heap size: 9290
191030 [3, 5, 2, 3, 6] []|Found route: [POIs: (4530, 57523, gas_station, 3.2483624678886533), (2797, 57488, movie_theater, 0.7514999452934655), (2797, 57488, movie_theater, 0.0), (3455, 57455, pub_bar, 0.06412075298050063), (2281, 57455, atm_bank, 0.0), Length: 4.06398316616262, Heuristic: 0.0, Cat unordered: [], Counter: 0]|Time: 412360 ms|Time for KNN: 20419711388 ms|Heap fetches: 66318|Max heap size: 33524
396115 [4, 0, 0, 2, 5] []|Found route: [POIs: (509, 396300, restaurant, 0.3256743852951846), (509, 396300, restaurant, 0.0), (2346, 335361, atm_bank, 0.3176349795174174), (3130, 335370, pharmacy, 0.17864555714464353), (3456, 335308, pub_bar, 0.11225411363881489), Length: 0.9342090355960604, Heuristic: 0.0, Cat unordered: [], Counter: 0]|Time: 53250 ms|Time for KNN: 1552719953 ms|Heap fetches: 15686|Max heap size: 11460
202588 [3, 0, 6, 2, 0] []|Found route: [POIs: (4496, 205493, gas_station, 1.3767608630240893), (2319, 203692, atm_bank, 1.0090778334074075), (2681, 204019, movie_theater, 0.48563124623870724), (413, 204019, restaurant, 0.0), (413, 204019, restaurant, 0.0), Length: 2.8714699426702035, Heuristic: 0.0, Cat unordered: [], Counter: 0]|Time: 1868156 ms|Time for KNN: 1856380162 ms|Heap fetches: 199794|Max heap size: 84346
277889 [4, 2, 6, 6, 2] []|Found route: [POIs: (2592, 278204, atm_bank, 0.7650329171856088), (2592, 278204, atm_bank, 0.0), (3106, 354254, pharmacy, 0.3924009486384535), (4430, 354980, gas_station, 0.9414248503709288), (4430, 354980, gas_station, 0.0), Length: 2.098858716194991, Heuristic: 0.0, Cat unordered: [], Counter: 0]|Time: 42674 ms|Time for KNN: 204638153 ms|Heap fetches: 6576|Max heap size: 5192
32489 [5, 6, 3, 2, 6] []|Found route: [POIs: (3922, 252718, pub_bar, 2.7301916753442637), (4515, 252558, gas_station, 0.3501739647941924), (4515, 252558, gas_station, 0.0), (2568, 255185, atm_bank, 0.9715868848570243), (2722, 255396, movie_theater, 0.20715993718277656), Length: 4.259112462178257, Heuristic: 0.0, Cat unordered: [], Counter: 0]|Time: 359532 ms|Time for KNN: 2109879280 ms|Heap fetches: 26742|Max heap size: 21174
59056 [3, 1, 5, 2, 0] []|Found route: [POIs: (2281, 57455, atm_bank, 5.2236296926700865), (3455, 57455, pub_bar, 0.0), (94, 57456, coffee_shop, 0.08842667045550534), (94, 57456, restaurant, 0.0), (2782, 56332, movie_theater, 0.06354205223533095), Length: 5.375598415360923, Heuristic: 0.0, Cat unordered: [], Counter: 0]|Time: 57939 ms|Time for KNN: 144619726 ms|Heap fetches: 9964|Max heap size: 8725
133947 [6, 6, 6, 1, 0] []|Found route: [POIs: (4419, 294191, gas_station, 1.7949140884016315), (4419, 294191, gas_station, 0.0), (4419, 294191, gas_station, 0.0), (300, 294195, coffee_shop, 0.7123907469135142), (300, 294195, restaurant, 0.0), Length: 2.5073048353151455, Heuristic: 0.0, Cat unordered: [], Counter: 0]|Time: 177468 ms|Time for KNN: 100439128 ms|Heap fetches: 44694|Max heap size: 29772
414058 [3, 1, 1, 2, 5] []|Found route: [POIs: (2295, 241941, atm_bank, 8.24612478827131), (835, 241496, coffee_shop, 0.19975913043898985), (835, 241496, coffee_shop, 0.0), (2721, 241637, movie_theater, 0.02460201233619288), (3810, 241658, pub_bar, 0.19183334575934433), Length: 8.662319276805835, Heuristic: 0.0, Cat unordered: [], Counter: 0]|Time: 129002 ms|Time for KNN: 954802202 ms|Heap fetches: 7088|Max heap size: 6456
95659 [5, 4, 6, 5, 5] []|Found route: [POIs: (4044, 95077, pub_bar, 0.882651253451598), (4044, 95077, pub_bar, 0.0), (4044, 95077, pub_bar, 0.0), (3184, 97724, pharmacy, 0.35760350508566174), (4486, 97715, gas_station, 0.23631784343006687), Length: 1.4765726019673264, Heuristic: 0.0, Cat unordered: [], Counter: 0]|Time: 24533 ms|Time for KNN: 77407953 ms|Heap fetches: 3240|Max heap size: 2754
72339 [3, 4, 6, 6, 6] []|Found route: [POIs: (4397, 76454, gas_station, 1.9121259862701292), (4397, 76454, gas_station, 0.0), (4397, 76454, gas_station, 0.0), (3307, 118988, pharmacy, 0.6665430188040391), (2731, 119050, movie_theater, 0.26830378273233146), Length: 2.8469727878064996, Heuristic: 0.0, Cat unordered: [], Counter: 0]|Time: 59068 ms|Time for KNN: 766666099 ms|Heap fetches: 6468|Max heap size: 5226
152240 [1, 3, 6, 3, 3] []|Found route: [POIs: (4437, 167249, gas_station, 1.4100427230579353), (1067, 168950, coffee_shop, 0.693320691773961), (2684, 168819, movie_theater, 0.15324926710318287), (2684, 168819, movie_theater, 0.0), (2684, 168819, movie_theater, 0.0), Length: 2.256612681935079, Heuristic: 0.0, Cat unordered: [], Counter: 0]|Time: 399360 ms|Time for KNN: 4198048764 ms|Heap fetches: 62286|Max heap size: 48378
426719 [3, 4, 0, 0, 0] []|Found route: [POIs: (2727, 363315, movie_theater, 6.139768847257928), (3014, 363419, pharmacy, 0.043714707584981596), (1653, 363424, restaurant, 0.21743916412446448), (1653, 363424, restaurant, 0.0), (1653, 363424, restaurant, 0.0), Length: 6.400922718967374, Heuristic: 0.0, Cat unordered: [], Counter: 0]|Time: 24535 ms|Time for KNN: 43707028 ms|Heap fetches: 1848|Max heap size: 1518
240955 [2, 2, 3, 4, 4] []|Found route: [POIs: (2721, 241637, movie_theater, 2.0158800883215697), (3220, 241713, pharmacy, 0.1777561878619027), (3220, 241713, pharmacy, 0.0), (2295, 241941, atm_bank, 0.046604954913280025), (2295, 241941, atm_bank, 0.0), Length: 2.240241231096752, Heuristic: 0.0, Cat unordered: [], Counter: 0]|Time: 26809 ms|Time for KNN: 59835481 ms|Heap fetches: 2720|Max heap size: 2196
412242 [1, 5, 6, 5, 3] []|Found route: [POIs: (3732, 242308, pub_bar, 6.99810760588634), (3732, 242308, pub_bar, 0.0), (4448, 241987, gas_station, 0.6157255460520954), (350, 241689, coffee_shop, 0.1936127197019315), (2721, 241637, movie_theater, 0.28204900919839165), Length: 8.089494880838759, Heuristic: 0.0, Cat unordered: [], Counter: 0]|Time: 53267 ms|Time for KNN: 297015414 ms|Heap fetches: 4496|Max heap size: 3604
97990 [5, 5, 1, 5, 6] []|Found route: [POIs: (4395, 98100, gas_station, 0.07227012478196355), (1857, 88094, coffee_shop, 1.0932919759738502), (3756, 88106, pub_bar, 0.12763337201689243), (3756, 88106, pub_bar, 0.0), (3756, 88106, pub_bar, 0.0), Length: 1.2931954727727062, Heuristic: 0.0, Cat unordered: [], Counter: 0]|Time: 22510 ms|Time for KNN: 153018321 ms|Heap fetches: 3132|Max heap size: 2658
324368 [0, 6, 4, 6, 1] []|Found route: [POIs: (1523, 304205, restaurant, 1.314165086503091), (3358, 304205, pharmacy, 0.0), (1523, 304205, coffee_shop, 0.0), (4379, 304074, gas_station, 0.8756239725799936), (4379, 304074, gas_station, 0.0), Length: 2.1897890590830844, Heuristic: 0.0, Cat unordered: [], Counter: 0]|Time: 360856 ms|Time for KNN: 573632994 ms|Heap fetches: 97744|Max heap size: 94822
335846 [6, 6, 6, 4, 6] []|Found route: [POIs: (4385, 335934, gas_station, 0.6149319757454915), (4385, 335934, gas_station, 0.0), (4385, 335934, gas_station, 0.0), (4385, 335934, gas_station, 0.0), (3130, 335370, pharmacy, 1.199487356445323), Length: 1.8144193321908144, Heuristic: 0.0, Cat unordered: [], Counter: 0]|Time: 47976 ms|Time for KNN: 568391576 ms|Heap fetches: 6576|Max heap size: 5184
381303 [2, 6, 5, 0, 5] []|Found route: [POIs: (4407, 381123, gas_station, 0.07937025625638895), (3544, 381602, pub_bar, 0.671564181688323), (3544, 381602, pub_bar, 0.0), (226, 381469, restaurant, 0.015538420315100492), (2121, 381429, atm_bank, 0.2770693548830767), Length: 1.043542213142889, Heuristic: 0.0, Cat unordered: [], Counter: 0]|Time: 37365 ms|Time for KNN: 18089787 ms|Heap fetches: 6078|Max heap size: 5408
293366 [5, 0, 4, 0, 3] []|Found route: [POIs: (3588, 293523, pub_bar, 0.4392095506730194), (3035, 293619, pharmacy, 0.049940814510217174), (1909, 299711, restaurant, 0.8222590002759939), (1909, 299711, restaurant, 0.0), (2787, 299711, movie_theater, 0.0), Length: 1.3114093654592303, Heuristic: 0.0, Cat unordered: [], Counter: 0]|Time: 577823 ms|Time for KNN: 8293075196 ms|Heap fetches: 229432|Max heap size: 123786
364368 [1, 0, 5, 0, 3] []|Found route: [POIs: (3535, 359894, pub_bar, 2.7474467250081736), (237, 364963, coffee_shop, 0.12362665031385894), (237, 364963, restaurant, 0.0), (237, 364963, restaurant, 0.0), (2699, 370865, movie_theater, 2.7232074637172197), Length: 5.594280839039252, Heuristic: 0.0, Cat unordered: [], Counter: 0]|Time: 1066705 ms|Time for KNN: 12134028963 ms|Heap fetches: 169464|Max heap size: 104600
80166 [0, 3, 6, 3, 5] []|Found route: [POIs: (2751, 81959, movie_theater, 0.9417641638066733), (2751, 81959, movie_theater, 0.0), (4376, 82371, gas_station, 0.5058267452081251), (1727, 82457, restaurant, 0.1833043330503979), (4353, 82349, pub_bar, 0.28579045087816474), Length: 1.916685692943361, Heuristic: 0.0, Cat unordered: [], Counter: 0]|Time: 184758 ms|Time for KNN: 983639285 ms|Heap fetches: 38230|Max heap size: 35460
166478 [5, 1, 3, 0, 2] []|Found route: [POIs: (2794, 166640, movie_theater, 0.09467269801382083), (2201, 166188, atm_bank, 0.29857394327356623), (145, 166258, restaurant, 0.27824071580428655), (145, 166258, coffee_shop, 0.0), (4049, 166126, pub_bar, 0.05596541450539573), Length: 0.7274527715970692, Heuristic: 0.0, Cat unordered: [], Counter: 0]|Time: 145054 ms|Time for KNN: 419637495 ms|Heap fetches: 50725|Max heap size: 37889
375191 [5, 4, 0, 1, 1] []|Found route: [POIs: (3832, 378304, pub_bar, 0.8891526852698037), (76, 378423, coffee_shop, 0.2871939218568201), (76, 378423, coffee_shop, 0.0), (76, 378423, restaurant, 0.0), (3257, 420222, pharmacy, 1.1263383476825148), Length: 2.3026849548091386, Heuristic: 0.0, Cat unordered: [], Counter: 0]|Time: 86329 ms|Time for KNN: 85484517 ms|Heap fetches: 22056|Max heap size: 14140
305618 [0, 5, 2, 1, 3] []|Found route: [POIs: (1688, 309464, coffee_shop, 2.169498445740671), (1689, 309464, restaurant, 0.0), (2331, 309716, atm_bank, 0.756245477559702), (3688, 311178, pub_bar, 0.6907202634329787), (2741, 310716, movie_theater, 0.14230191153884433), Length: 3.7587660982721958, Heuristic: 0.0, Cat unordered: [], Counter: 0]|Time: 511839 ms|Time for KNN: 6112013257 ms|Heap fetches: 92495|Max heap size: 71620
230789 [1, 2, 1, 0, 3] []|Found route: [POIs: (2640, 230692, atm_bank, 1.9120595931165751), (2721, 241637, movie_theater, 2.843536048596832), (835, 241496, coffee_shop, 0.02460201233619288), (835, 241496, coffee_shop, 0.0), (828, 241496, restaurant, 0.0), Length: 4.7801976540496005, Heuristic: 0.0, Cat unordered: [], Counter: 0]|Time: 292672 ms|Time for KNN: 3514668374 ms|Heap fetches: 31350|Max heap size: 22290
311623 [5, 0, 4, 2, 6] []|Found route: [POIs: (3769, 310949, pub_bar, 0.2317466022975511), (4481, 310526, gas_station, 1.1823224287765912), (37, 309860, restaurant, 0.6418105406471779), (3105, 309860, pharmacy, 0.0), (2331, 309716, atm_bank, 0.10561459516076109), Length: 2.1614941668820813, Heuristic: 0.0, Cat unordered: [], Counter: 0]|Time: 110201 ms|Time for KNN: 1641676291 ms|Heap fetches: 20417|Max heap size: 15995
54043 [2, 5, 3, 5, 4] []|Found route: [POIs: (2904, 57223, pharmacy, 2.1759729258097256), (2142, 57581, atm_bank, 1.576057323329791), (3455, 57455, pub_bar, 0.0657613833245153), (3455, 57455, pub_bar, 0.0), (2797, 57488, movie_theater, 0.06412075298050063), Length: 3.8819123854445325, Heuristic: 0.0, Cat unordered: [], Counter: 0]|Time: 55090 ms|Time for KNN: 319092529 ms|Heap fetches: 10222|Max heap size: 8210
403925 [2, 4, 3, 5, 0] []|Found route: [POIs: (1572, 335836, restaurant, 3.1987943323557584), (3456, 335308, pub_bar, 0.4628859866033759), (3130, 335370, pharmacy, 0.11225411363881489), (2351, 335386, atm_bank, 0.0633590338996117), (2697, 335053, movie_theater, 0.32461706426335973), Length: 4.16191053076092, Heuristic: 0.0, Cat unordered: [], Counter: 0]|Time: 862610 ms|Time for KNN: 2130038226 ms|Heap fetches: 131853|Max heap size: 70561
72480 [2, 5, 6, 4, 6] []|Found route: [POIs: (2479, 76507, atm_bank, 1.7629407288911816), (4397, 76454, gas_station, 0.06440911981279562), (4397, 76454, gas_station, 0.0), (3307, 118988, pharmacy, 0.6665430188040391), (4184, 119050, pub_bar, 0.26830378273233146), Length: 2.7621966502403477, Heuristic: 0.0, Cat unordered: [], Counter: 0]|Time: 159050 ms|Time for KNN: 2419928445 ms|Heap fetches: 30290|Max heap size: 25140
110499 [2, 5, 1, 6, 1] []|Found route: [POIs: (2307, 107723, atm_bank, 1.9081288621318517), (4315, 107496, pub_bar, 0.14153472437983494), (984, 101309, coffee_shop, 0.4661192206774566), (984, 101309, coffee_shop, 0.0), (4369, 101467, gas_station, 0.4819087322389671), Length: 2.9976915394281103, Heuristic: 0.0, Cat unordered: [], Counter: 0]|Time: 132915 ms|Time for KNN: 2174677980 ms|Heap fetches: 20104|Max heap size: 16872
105115 [6, 2, 1, 3, 3] []|Found route: [POIs: (4486, 97715, gas_station, 4.088932504658907), (2383, 97715, atm_bank, 0.0), (11, 95231, coffee_shop, 0.6027646808110813), (2682, 95231, movie_theater, 0.0), (2682, 95231, movie_theater, 0.0), Length: 4.691697185469988, Heuristic: 0.0, Cat unordered: [], Counter: 0]|Time: 534019 ms|Time for KNN: 1949424697 ms|Heap fetches: 53848|Max heap size: 35028
237228 [5, 4, 1, 1, 4] []|Found route: [POIs: (1059, 237299, coffee_shop, 0.1709579785679032), (1059, 237299, coffee_shop, 0.0), (3046, 237299, pharmacy, 0.0), (3046, 237299, pharmacy, 0.0), (4190, 237249, pub_bar, 0.14213443397173214), Length: 0.3130924125396354, Heuristic: 0.0, Cat unordered: [], Counter: 0]|Time: 17488 ms|Time for KNN: 47422980 ms|Heap fetches: 1344|Max heap size: 1040
421379 [1, 4, 0, 6, 4] []|Found route: [POIs: (907, 420738, coffee_shop, 0.47322652883800076), (907, 420738, restaurant, 0.0), (3257, 420222, pharmacy, 0.2767919791159251), (3257, 420222, pharmacy, 0.0), (4405, 418839, gas_station, 0.7451992305141476), Length: 1.4952177384680736, Heuristic: 0.0, Cat unordered: [], Counter: 0]|Time: 39360 ms|Time for KNN: 349937342 ms|Heap fetches: 4974|Max heap size: 4334
162368 [1, 5, 1, 0, 3] []|Found route: [POIs: (4213, 163598, pub_bar, 0.6772441313915952), (2816, 163599, movie_theater, 0.014975739526373308), (1371, 163454, coffee_shop, 0.9995175370782615), (1371, 163454, coffee_shop, 0.0), (1371, 163454, restaurant, 0.0), Length: 1.69173740799623, Heuristic: 0.0, Cat unordered: [], Counter: 0]|Time: 1106695 ms|Time for KNN: 46422908926 ms|Heap fetches: 344804|Max heap size: 164066
367511 [5, 1, 1, 2, 5] []|Found route: [POIs: (3675, 341713, pub_bar, 1.777601290234571), (1580, 341713, coffee_shop, 0.0), (1580, 341713, coffee_shop, 0.0), (3675, 341713, pub_bar, 0.0), (2178, 341966, atm_bank, 0.026004514607199457), Length: 1.8036058048417705, Heuristic: 0.0, Cat unordered: [], Counter: 0]|Time: 18493 ms|Time for KNN: 32954528 ms|Heap fetches: 1160|Max heap size: 912
355429 [6, 0, 3, 1, 3] []|Found route: [POIs: (795, 311355, coffee_shop, 3.165754591444734), (462, 310748, restaurant, 1.0508399167338445), (2695, 310697, movie_theater, 0.09673006292397915), (2695, 310697, movie_theater, 0.0), (4481, 310526, gas_station, 0.9185823850637844), Length: 5.231906956166341, Heuristic: 0.0, Cat unordered: [], Counter: 0]|Time: 434437 ms|Time for KNN: 6910215170 ms|Heap fetches: 37768|Max heap size: 33724
353223 [5, 6, 5, 2, 1] []|Found route: [POIs: (3438, 355732, pub_bar, 2.254373279535148), (3438, 355732, pub_bar, 0.0), (1744, 354989, coffee_shop, 0.26182333057492413), (2525, 354991, atm_bank, 0.1290625891847199), (4430, 354980, gas_station, 0.8197062220508091), Length: 3.4649654213456014, Heuristic: 0.0, Cat unordered: [], Counter: 0]|Time: 110480 ms|Time for KNN: 71999191 ms|Heap fetches: 11886|Max heap size: 9820
183629 [1, 0, 1, 6, 1] []|Found route: [POIs: (135, 166499, coffee_shop, 1.1286242022397182), (135, 166499, restaurant, 0.0), (135, 166499, coffee_shop, 0.0), (135, 166499, coffee_shop, 0.0), (4524, 166237, gas_station, 0.4556766067832244), Length: 1.5843008090229427, Heuristic: 0.0, Cat unordered: [], Counter: 0]|Time: 176467 ms|Time for KNN: 4103093896 ms|Heap fetches: 55794|Max heap size: 43080
72238 [2, 3, 3, 4, 1] []|Found route: [POIs: (2691, 112401, movie_theater, 1.401307076040367), (2691, 112401, movie_theater, 0.0), (3199, 112331, pharmacy, 0.475859898450651), (2082, 112331, atm_bank, 0.0), (354, 112436, coffee_shop, 0.07755896590020062), Length: 1.9547259403912185, Heuristic: 0.0, Cat unordered: [], Counter: 0]|Time: 67188 ms|Time for KNN: 180027212 ms|Heap fetches: 14922|Max heap size: 10648
104104 [1, 3, 3, 2, 2] []|Found route: [POIs: (2262, 103387, atm_bank, 0.3687383423592637), (2262, 103387, atm_bank, 0.0), (1972, 98921, coffee_shop, 2.8986047053263806), (2814, 98895, movie_theater, 0.21098928987108587), (2814, 98895, movie_theater, 0.0), Length: 3.47833233755673, Heuristic: 0.0, Cat unordered: [], Counter: 0]|Time: 219438 ms|Time for KNN: 153415266 ms|Heap fetches: 23272|Max heap size: 19612
27953 [3, 1, 2, 0, 4] []|Found route: [POIs: (816, 28489, coffee_shop, 2.367108447041188), (2893, 28494, pharmacy, 0.03203754557199906), (2147, 28350, atm_bank, 0.008254087420142855), (1147, 28517, restaurant, 0.10693853693984981), (2691, 112401, movie_theater, 3.0347287065807467), Length: 5.549067323553926, Heuristic: 0.0, Cat unordered: [], Counter: 0]|Time: 3945277 ms|Time for KNN: 1558688550 ms|Heap fetches: 740011|Max heap size: 323492
67117 [4, 0, 6, 5, 4] []|Found route: [POIs: (4536, 86625, gas_station, 2.7486323192908273), (4044, 95077, pub_bar, 0.7219024015058515), (202, 95615, restaurant, 0.17610052887621883), (2834, 95413, pharmacy, 0.028097190448529076), (2834, 95413, pharmacy, 0.0), Length: 3.674732440121427, Heuristic: 0.0, Cat unordered: [], Counter: 0]|Time: 49080 ms|Time for KNN: 528683761 ms|Heap fetches: 8464|Max heap size: 6750
39468 [6, 0, 2, 0, 0] []|Found route: [POIs: (1423, 40767, restaurant, 2.2004494007201725), (1423, 40767, restaurant, 0.0), (1423, 40767, restaurant, 0.0), (2636, 40893, atm_bank, 0.2956510473570904), (4513, 41058, gas_station, 0.4678724746127879), Length: 2.963972922690051, Heuristic: 0.0, Cat unordered: [], Counter: 0]|Time: 16435 ms|Time for KNN: 22520644 ms|Heap fetches: 738|Max heap size: 498
361012 [0, 5, 5, 5, 1] []|Found route: [POIs: (594, 360502, restaurant, 1.4522915008439894), (594, 360502, coffee_shop, 0.0), (3438, 355732, pub_bar, 0.7257625513584752), (3438, 355732, pub_bar, 0.0), (3438, 355732, pub_bar, 0.0), Length: 2.1780540522024645, Heuristic: 0.0, Cat unordered: [], Counter: 0]|Time: 31817 ms|Time for KNN: 165754169 ms|Heap fetches: 3006|Max heap size: 2376
49640 [1, 1, 3, 0, 1] []|Found route: [POIs: (1293, 55394, coffee_shop, 2.8958276500295668), (1293, 55394, coffee_shop, 0.0), (1293, 55394, coffee_shop, 0.0), (1293, 55394, restaurant, 0.0), (2782, 56332, movie_theater, 0.8484283160859728), Length: 3.7442559661155395, Heuristic: 0.0, Cat unordered: [], Counter: 0]|Time: 42453 ms|Time for KNN: 156058353 ms|Heap fetches: 6018|Max heap size: 4710
274386 [4, 2, 2, 0, 3] []|Found route: [POIs: (3228, 275384, pharmacy, 1.371668041335961), (2029, 275359, restaurant, 0.1631232751698417), (2660, 275363, atm_bank, 0.031605295108438736), (2660, 275363, atm_bank, 0.0), (2747, 275432, movie_theater, 0.27570573471043347), Length: 1.8421023463246748, Heuristic: 0.0, Cat unordered: [], Counter: 0]|Time: 76524 ms|Time for KNN: 810399930 ms|Heap fetches: 16326|Max heap size: 10144
97073 [1, 2, 6, 3, 6] []|Found route: [POIs: (4371, 96845, gas_station, 0.25303557433457763), (4371, 96845, gas_station, 0.0), (2484, 95491, atm_bank, 0.6234546650666253), (2682, 95231, movie_theater, 0.35258177616736774), (11, 95231, coffee_shop, 0.0), Length: 1.2290720155685706, Heuristic: 0.0, Cat unordered: [], Counter: 0]|Time: 81000 ms|Time for KNN: 5429707159 ms|Heap fetches: 16056|Max heap size: 14054
221015 [1, 1, 5, 5, 3] []|Found route: [POIs: (1610, 164852, coffee_shop, 1.8497588832512906), (1610, 164852, coffee_shop, 0.0), (3421, 165689, pub_bar, 0.07130344957568929), (3421, 165689, pub_bar, 0.0), (2794, 166640, movie_theater, 0.5913001352932753), Length: 2.512362468120255, Heuristic: 0.0, Cat unordered: [], Counter: 0]|Time: 330044 ms|Time for KNN: 2666427588 ms|Heap fetches: 87540|Max heap size: 64500
21236 [4, 6, 5, 0, 3] []|Found route: [POIs: (3922, 252718, pub_bar, 4.847953588569226), (4515, 252558, gas_station, 0.3501739647941924), (3138, 255178, pharmacy, 1.0153819669737612), (603, 255424, restaurant, 0.11751932243583411), (2722, 255396, movie_theater, 0.0671220940930059), Length: 6.39815093686602, Heuristic: 0.0, Cat unordered: [], Counter: 0]|Time: 1262565 ms|Time for KNN: 14491024154 ms|Heap fetches: 137779|Max heap size: 96143
399035 [1, 1, 1, 3, 5] []|Found route: [POIs: (3898, 392400, pub_bar, 3.4453578473128377), (2770, 392427, movie_theater, 0.027831389916167598), (1599, 392546, coffee_shop, 0.11239880702171251), (1599, 392546, coffee_shop, 0.0), (1599, 392546, coffee_shop, 0.0), Length: 3.5855880442507178, Heuristic: 0.0, Cat unordered: [], Counter: 0]|Time: 42618 ms|Time for KNN: 836598665 ms|Heap fetches: 5790|Max heap size: 5430
221975 [6, 4, 0, 0, 1] []|Found route: [POIs: (4503, 223815, gas_station, 0.7108890239512422), (2831, 222384, pharmacy, 0.8162008061644377), (1320, 201814, restaurant, 0.47468476458238323), (1320, 201814, restaurant, 0.0), (1320, 201814, coffee_shop, 0.0), Length: 2.001774594698063, Heuristic: 0.0, Cat unordered: [], Counter: 0]|Time: 173617 ms|Time for KNN: 195009019 ms|Heap fetches: 27734|Max heap size: 21916
310782 [1, 5, 3, 4, 5] []|Found route: [POIs: (2695, 310697, movie_theater, 0.34621806638609776), (3688, 311178, pub_bar, 0.147887097485929), (3688, 311178, pub_bar, 0.0), (37, 309860, coffee_shop, 0.7671648824864853), (3105, 309860, pharmacy, 0.0), Length: 1.261270046358512, Heuristic: 0.0, Cat unordered: [], Counter: 0]|Time: 64696 ms|Time for KNN: 889238372 ms|Heap fetches: 11808|Max heap size: 8430
316179 [5, 3, 3, 0, 3] []|Found route: [POIs: (4241, 310790, pub_bar, 2.247484765275279), (461, 310806, restaurant, 0.18684653999081738), (2695, 310697, movie_theater, 0.13818775733823813), (2695, 310697, movie_theater, 0.0), (2695, 310697, movie_theater, 0.0), Length: 2.5725190626043344, Heuristic: 0.0, Cat unordered: [], Counter: 0]|Time: 28468 ms|Time for KNN: 42101259 ms|Heap fetches: 2880|Max heap size: 2496
173569 [2, 6, 6, 6, 1] []|Found route: [POIs: (1681, 173582, coffee_shop, 0.21133157461024948), (2664, 178224, atm_bank, 2.3321790934915416), (4456, 178196, gas_station, 0.004397815573826382), (4456, 178196, gas_station, 0.0), (4456, 178196, gas_station, 0.0), Length: 2.547908483675617, Heuristic: 0.0, Cat unordered: [], Counter: 0]|Time: 276040 ms|Time for KNN: 147313264 ms|Heap fetches: 39606|Max heap size: 38964
275235 [3, 6, 0, 0, 1] []|Found route: [POIs: (2029, 275359, restaurant, 0.30651594525222803), (2029, 275359, restaurant, 0.0), (2029, 275359, coffee_shop, 0.0), (2747, 275432, movie_theater, 0.3073110298188722), (4539, 276224, gas_station, 0.9120425327118757), Length: 1.525869507782976, Heuristic: 0.0, Cat unordered: [], Counter: 0]|Time: 176558 ms|Time for KNN: 43501862 ms|Heap fetches: 37820|Max heap size: 28494
382159 [0, 6, 5, 0, 3] []|Found route: [POIs: (3951, 382284, pub_bar, 0.2622703972747007), (1222, 382248, restaurant, 0.1278568155180615), (1222, 382248, restaurant, 0.0), (4407, 381123, gas_station, 1.0298435837518438), (2699, 370865, movie_theater, 1.8600797867218515), Length: 3.2800505832664575, Heuristic: 0.0, Cat unordered: [], Counter: 0]|Time: 758413 ms|Time for KNN: 3287874276 ms|Heap fetches: 75770|Max heap size: 51570
360144 [0, 3, 1, 0, 2] []|Found route: [POIs: (446, 360751, restaurant, 0.6430561976257242), (446, 360751, restaurant, 0.0), (446, 360751, coffee_shop, 0.0), (2167, 363416, atm_bank, 2.7384373525546235), (2727, 363315, movie_theater, 0.15912783688830506), Length: 3.540621387068653, Heuristic: 0.0, Cat unordered: [], Counter: 0]|Time: 1043583 ms|Time for KNN: 53913677 ms|Heap fetches: 304586|Max heap size: 108188
252587 [5, 5, 0, 3, 1] []|Found route: [POIs: (3922, 252718, pub_bar, 0.7031510506022386), (3922, 252718, pub_bar, 0.0), (617, 252644, restaurant, 0.14050402158432426), (617, 252644, coffee_shop, 0.0), (2722, 255396, movie_theater, 1.6013766794694209), Length: 2.445031751655984, Heuristic: 0.0, Cat unordered: [], Counter: 0]|Time: 112154 ms|Time for KNN: 2495595614 ms|Heap fetches: 8360|Max heap size: 6818
253131 [5, 4, 4, 5, 1] []|Found route: [POIs: (61, 253130, coffee_shop, 0.06119955111944918), (3730, 254070, pub_bar, 2.20180227397976), (3730, 254070, pub_bar, 0.0), (3146, 253950, pharmacy, 0.21828223231652588), (3146, 253950, pharmacy, 0.0), Length: 2.481284057415735, Heuristic: 0.0, Cat unordered: [], Counter: 0]|Time: 59050 ms|Time for KNN: 312500314 ms|Heap fetches: 7032|Max heap size: 6308
314511 [6, 3, 1, 2, 0] []|Found route: [POIs: (2801, 324251, movie_theater, 1.6552846851520502), (2163, 324378, atm_bank, 0.46590667306170364), (1523, 304205, coffee_shop, 0.6367154632033513), (1523, 304205, restaurant, 0.0), (4379, 304074, gas_station, 0.8756239725799936), Length: 3.6335307939970987, Heuristic: 0.0, Cat unordered: [], Counter: 0]|Time: 20697217 ms|Time for KNN: 325891424 ms|Heap fetches: 6653603|Max heap size: 2264265
295685 [3, 0, 3, 1, 4] []|Found route: [POIs: (2722, 255396, movie_theater, 2.8780519979653825), (2722, 255396, movie_theater, 0.0), (3215, 255533, pharmacy, 0.9609707245686054), (820, 255639, coffee_shop, 0.05331442502606647), (820, 255639, restaurant, 0.0), Length: 3.8923371475600548, Heuristic: 0.0, Cat unordered: [], Counter: 0]|Time: 250973 ms|Time for KNN: 2524829813 ms|Heap fetches: 23220|Max heap size: 20676
286593 [1, 0, 5, 0, 4] []|Found route: [POIs: (1427, 286596, coffee_shop, 0.5180376670476664), (1427, 286596, restaurant, 0.0), (1427, 286596, restaurant, 0.0), (4253, 280456, pub_bar, 6.155642428749952), (3316, 280633, pharmacy, 0.9041490965128063), Length: 7.577829192310425, Heuristic: 0.0, Cat unordered: [], Counter: 0]|Time: 59733 ms|Time for KNN: 319888621 ms|Heap fetches: 10598|Max heap size: 7380
79304 [4, 1, 1, 3, 6] []|Found route: [POIs: (4375, 80341, gas_station, 0.8216685608923197), (3101, 79763, pharmacy, 0.8193428958632352), (790, 79763, coffee_shop, 0.0), (790, 79763, coffee_shop, 0.0), (2731, 119050, movie_theater, 0.5262378390675143), Length: 2.167249295823069, Heuristic: 0.0, Cat unordered: [], Counter: 0]|Time: 226363 ms|Time for KNN: 3623610866 ms|Heap fetches: 49880|Max heap size: 44782
318237 [3, 1, 5, 3, 6] []|Found route: [POIs: (2792, 340029, movie_theater, 2.0888254578751044), (2792, 340029, movie_theater, 0.0), (1580, 341713, coffee_shop, 1.268371031292833), (3675, 341713, pub_bar, 0.0), (4387, 367074, gas_station, 1.3295310901730693), Length: 4.686727579341007, Heuristic: 0.0, Cat unordered: [], Counter: 0]|Time: 1457466 ms|Time for KNN: 3649260780 ms|Heap fetches: 235872|Max heap size: 170292
10567 [1, 3, 5, 4, 2] []|Found route: [POIs: (1204, 12247, coffee_shop, 1.9483499022835185), (4093, 12641, pub_bar, 0.25806499561892204), (3225, 13712, pharmacy, 0.348281758441482), (2775, 12609, movie_theater, 0.09846157175479556), (2475, 12609, atm_bank, 0.0), Length: 2.653158228098718, Heuristic: 0.0, Cat unordered: [], Counter: 0]|Time: 54127 ms|Time for KNN: 66891936 ms|Heap fetches: 10766|Max heap size: 7943
